time,gender,count,country,country_code
2019-12-25T00:00:00Z,Female,1,Japan,JP
2019-12-22T00:00:00Z,Female,2,Czech Republic,CZ
2019-12-28T00:00:00Z,Male,3,Portugal,PT
2019-12-01T00:00:00Z,Female,4,Netherlands,NL
2019-12-24T00:00:00Z,Female,5,Argentina,AR
2019-12-25T00:00:00Z,Male,6,France,FR
2019-12-16T00:00:00Z,Female,7,Nicaragua,NI
2019-12-26T00:00:00Z,Male,8,Brazil,BR
2019-12-25T00:00:00Z,Female,9,Afghanistan,AF
2019-12-17T00:00:00Z,Male,10,Greece,GR
2019-12-06T00:00:00Z,Male,11,Indonesia,ID
2019-12-14T00:00:00Z,Female,12,Russia,RU
2019-12-12T00:00:00Z,Male,13,Russia,RU
2019-12-06T00:00:00Z,Female,14,Greece,GR
2019-12-01T00:00:00Z,Female,15,China,CN
2020-02-07T00:00:00Z,Female,792,Ethiopia,ET
2020-02-01T00:00:00Z,Female,793,Czech Republic,CZ
2020-02-17T00:00:00Z,Female,794,Philippines,PH
2020-02-28T00:00:00Z,Male,795,Venezuela,VE
2020-02-12T00:00:00Z,Female,796,Sweden,SE
2020-02-02T00:00:00Z,Female,797,China,CN
2020-02-10T00:00:00Z,Female,798,Indonesia,ID
2020-02-04T00:00:00Z,Female,799,Thailand,TH
2020-02-03T00:00:00Z,Female,800,Ukraine,UA
2020-02-14T00:00:00Z,Female,801,China,CN
2020-02-03T00:00:00Z,Male,802,China,CN
2020-02-24T00:00:00Z,Male,803,Philippines,PH
2020-02-26T00:00:00Z,Male,804,France,FR
2020-02-02T00:00:00Z,Male,805,Philippines,PH
2020-02-16T00:00:00Z,Male,806,Venezuela,VE
2020-02-26T00:00:00Z,Male,807,Colombia,CO
2020-02-17T00:00:00Z,Female,808,Russia,RU
2020-02-15T00:00:00Z,Female,809,Brazil,BR
2020-02-16T00:00:00Z,Male,810,Croatia,HR
2020-02-24T00:00:00Z,Female,811,Mongolia,MN
2020-02-25T00:00:00Z,Male,812,Lithuania,LT
2020-02-20T00:00:00Z,Male,813,Philippines,PH
2020-02-28T00:00:00Z,Female,814,Poland,PL
2020-02-26T00:00:00Z,Female,815,Chile,CL
2020-02-07T00:00:00Z,Male,816,Zambia,ZM
2020-02-04T00:00:00Z,Male,817,France,FR
2020-02-17T00:00:00Z,Male,818,Vietnam,VN
2020-02-19T00:00:00Z,Male,819,Indonesia,ID
2020-02-10T00:00:00Z,Male,820,China,CN
2020-02-13T00:00:00Z,Male,821,Germany,DE
2020-02-03T00:00:00Z,Male,822,China,CN
2020-02-24T00:00:00Z,Male,823,Israel,IL
2020-02-16T00:00:00Z,Female,824,Cyprus,CY
2020-02-01T00:00:00Z,Female,825,Sweden,SE
2020-02-26T00:00:00Z,Female,826,Sweden,SE
2020-02-20T00:00:00Z,Male,827,Ukraine,UA
2020-02-04T00:00:00Z,Female,828,Syria,SY
2020-02-21T00:00:00Z,Female,829,China,CN
2020-02-05T00:00:00Z,Male,830,Ukraine,UA
2020-02-12T00:00:00Z,Female,831,Russia,RU
2020-02-14T00:00:00Z,Female,832,Slovenia,SI
2020-02-08T00:00:00Z,Male,833,China,CN
2020-02-26T00:00:00Z,Female,834,Portugal,PT
2020-02-05T00:00:00Z,Male,835,Morocco,MA
2020-02-04T00:00:00Z,Female,836,Indonesia,ID
2020-02-07T00:00:00Z,Male,837,China,CN
2020-02-28T00:00:00Z,Male,838,China,CN
2020-02-07T00:00:00Z,Male,839,United States,US
2020-02-26T00:00:00Z,Female,840,France,FR
2020-02-08T00:00:00Z,Male,841,Malaysia,MY
2020-02-21T00:00:00Z,Female,842,Trinidad and Tobago,TT
2020-02-03T00:00:00Z,Male,843,Indonesia,ID
2020-02-03T00:00:00Z,Female,844,Russia,RU
2020-02-02T00:00:00Z,Female,845,Japan,JP
2020-02-17T00:00:00Z,Female,846,Honduras,HN
2020-02-21T00:00:00Z,Female,847,Philippines,PH
2020-02-19T00:00:00Z,Male,848,Armenia,AM
2020-02-09T00:00:00Z,Female,849,China,CN
2020-02-08T00:00:00Z,Female,850,Mongolia,MN
2020-02-27T00:00:00Z,Male,851,Philippines,PH
2020-02-23T00:00:00Z,Female,852,Pakistan,PK
2020-02-26T00:00:00Z,Female,853,Russia,RU
2020-02-20T00:00:00Z,Male,854,Republic of the Congo,CG
2020-02-26T00:00:00Z,Female,855,Thailand,TH
2020-02-27T00:00:00Z,Male,856,Greece,GR
2020-02-05T00:00:00Z,Female,857,Indonesia,ID
2020-02-17T00:00:00Z,Female,858,Indonesia,ID
2020-02-20T00:00:00Z,Female,859,Indonesia,ID
2020-02-24T00:00:00Z,Male,860,Indonesia,ID
2020-02-22T00:00:00Z,Female,861,China,CN
2020-02-06T00:00:00Z,Female,862,Greece,GR
2020-02-09T00:00:00Z,Male,863,France,FR
2020-02-25T00:00:00Z,Female,864,Croatia,HR
2020-02-01T00:00:00Z,Male,865,China,CN
2020-02-24T00:00:00Z,Male,866,Central African Republic,CF
2020-02-23T00:00:00Z,Male,867,United States,US
2020-02-21T00:00:00Z,Female,868,Nepal,NP
2020-02-17T00:00:00Z,Female,869,Nigeria,NG
2020-02-06T00:00:00Z,Female,870,China,CN
2020-02-06T00:00:00Z,Female,871,China,CN
2020-02-23T00:00:00Z,Female,872,Brazil,BR
2020-02-06T00:00:00Z,Male,873,Belarus,BY
2020-02-03T00:00:00Z,Female,874,Indonesia,ID
2020-02-27T00:00:00Z,Female,875,Russia,RU
2020-02-08T00:00:00Z,Female,876,Indonesia,ID
2020-02-28T00:00:00Z,Female,877,Argentina,AR
2020-02-26T00:00:00Z,Female,878,Indonesia,ID
2020-02-16T00:00:00Z,Male,879,Brazil,BR
2020-02-03T00:00:00Z,Female,880,Russia,RU
2020-02-25T00:00:00Z,Male,881,Indonesia,ID
2020-02-08T00:00:00Z,Female,882,Sweden,SE
2020-02-03T00:00:00Z,Male,883,China,CN
2020-02-01T00:00:00Z,Male,884,Poland,PL
2020-02-09T00:00:00Z,Male,885,France,FR
2020-02-27T00:00:00Z,Male,886,South Korea,KR
2020-02-25T00:00:00Z,Male,887,Indonesia,ID
2020-02-07T00:00:00Z,Male,888,Colombia,CO
2020-02-13T00:00:00Z,Male,889,Venezuela,VE
2020-02-27T00:00:00Z,Female,890,Sweden,SE
2020-02-11T00:00:00Z,Female,891,Colombia,CO
2020-02-24T00:00:00Z,Male,892,China,CN
2020-02-26T00:00:00Z,Female,893,Portugal,PT
2020-02-26T00:00:00Z,Male,894,Guatemala,GT
2020-02-20T00:00:00Z,Male,895,Argentina,AR
2020-02-25T00:00:00Z,Female,896,Netherlands,NL
2020-02-01T00:00:00Z,Male,897,Sweden,SE
2020-02-20T00:00:00Z,Female,898,China,CN
2020-02-05T00:00:00Z,Female,899,Nicaragua,NI
2020-02-04T00:00:00Z,Male,900,Philippines,PH
2020-02-20T00:00:00Z,Female,901,Greece,GR
2020-02-25T00:00:00Z,Male,902,Mongolia,MN
2020-02-02T00:00:00Z,Female,903,Vietnam,VN
2020-02-22T00:00:00Z,Female,904,Greece,GR
2020-02-21T00:00:00Z,Female,905,China,CN
2020-02-18T00:00:00Z,Female,906,China,CN
2020-02-17T00:00:00Z,Female,907,Indonesia,ID
2020-02-25T00:00:00Z,Female,908,China,CN
2020-02-01T00:00:00Z,Female,909,Brazil,BR
2020-02-03T00:00:00Z,Female,910,Indonesia,ID
2020-02-18T00:00:00Z,Female,911,Vietnam,VN
2020-02-01T00:00:00Z,Female,912,China,CN
2020-02-21T00:00:00Z,Male,913,China,CN
2020-02-20T00:00:00Z,Male,914,South Korea,KR
2020-02-11T00:00:00Z,Male,915,Indonesia,ID
2020-02-16T00:00:00Z,Female,916,Indonesia,ID
2020-02-26T00:00:00Z,Male,917,Argentina,AR
2020-02-08T00:00:00Z,Female,918,Poland,PL
2020-02-04T00:00:00Z,Male,919,Japan,JP
2020-02-23T00:00:00Z,Female,920,China,CN
2020-02-21T00:00:00Z,Male,921,Egypt,EG
2020-02-13T00:00:00Z,Male,922,China,CN
2020-02-18T00:00:00Z,Male,923,Thailand,TH
2020-02-09T00:00:00Z,Female,924,China,CN
2020-02-17T00:00:00Z,Male,925,Indonesia,ID
2020-02-14T00:00:00Z,Female,926,Albania,AL
2020-02-19T00:00:00Z,Male,927,Indonesia,ID
2020-02-22T00:00:00Z,Male,928,Indonesia,ID
2020-02-04T00:00:00Z,Male,929,Finland,FI
2020-02-18T00:00:00Z,Female,930,Indonesia,ID
2020-02-23T00:00:00Z,Male,931,China,CN
2020-02-27T00:00:00Z,Female,932,Russia,RU
2020-02-13T00:00:00Z,Male,933,Philippines,PH
2020-02-22T00:00:00Z,Female,934,Brazil,BR
2020-02-18T00:00:00Z,Female,935,Canada,CA
2020-02-01T00:00:00Z,Female,936,Indonesia,ID
2020-02-02T00:00:00Z,Male,937,Indonesia,ID
2020-02-08T00:00:00Z,Male,938,South Africa,ZA
2020-02-25T00:00:00Z,Female,939,Libya,LY
2020-02-03T00:00:00Z,Male,940,Japan,JP
2020-02-10T00:00:00Z,Male,941,United States,US
2020-02-23T00:00:00Z,Female,942,Pakistan,PK
2020-02-08T00:00:00Z,Female,943,Japan,JP
2020-02-18T00:00:00Z,Female,944,China,CN
2020-02-04T00:00:00Z,Female,945,Tunisia,TN
2020-02-08T00:00:00Z,Male,946,Indonesia,ID
2020-02-28T00:00:00Z,Male,947,China,CN
2020-02-11T00:00:00Z,Female,948,Russia,RU
2020-02-10T00:00:00Z,Male,949,Indonesia,ID
2020-02-07T00:00:00Z,Male,950,Colombia,CO
2020-02-20T00:00:00Z,Female,951,Sweden,SE
2020-02-16T00:00:00Z,Female,952,Sweden,SE
2020-02-21T00:00:00Z,Female,953,Kosovo,XK
2020-02-20T00:00:00Z,Female,954,United States,US
2020-02-25T00:00:00Z,Male,955,Ireland,IE
2020-02-17T00:00:00Z,Female,956,China,CN
2020-02-08T00:00:00Z,Male,957,Brazil,BR
2020-02-17T00:00:00Z,Male,958,United States,US
2020-02-07T00:00:00Z,Female,959,China,CN
2020-02-04T00:00:00Z,Male,960,Philippines,PH
2020-02-10T00:00:00Z,Female,961,Portugal,PT
2020-02-22T00:00:00Z,Male,962,Slovenia,SI
2020-02-14T00:00:00Z,Female,963,Slovenia,SI
2020-02-24T00:00:00Z,Male,964,Montenegro,ME
2020-02-06T00:00:00Z,Female,965,Russia,RU
2020-02-27T00:00:00Z,Female,966,China,CN
2020-02-20T00:00:00Z,Female,967,Mongolia,MN
2020-02-10T00:00:00Z,Female,968,Indonesia,ID
2020-02-24T00:00:00Z,Male,969,Uganda,UG
2020-02-19T00:00:00Z,Female,970,Russia,RU
2020-02-15T00:00:00Z,Female,971,China,CN
2020-02-24T00:00:00Z,Female,972,Costa Rica,CR
2020-02-05T00:00:00Z,Male,973,Philippines,PH
2020-02-24T00:00:00Z,Male,974,Russia,RU
2020-02-21T00:00:00Z,Male,975,Poland,PL
2020-02-09T00:00:00Z,Female,976,Guatemala,GT
2020-02-17T00:00:00Z,Female,977,Sweden,SE
2020-02-13T00:00:00Z,Female,978,China,CN
2020-02-04T00:00:00Z,Female,979,China,CN
2020-02-10T00:00:00Z,Female,980,Andorra,AD
2020-02-11T00:00:00Z,Male,981,Thailand,TH
2020-02-07T00:00:00Z,Male,982,Bulgaria,BG
2020-02-15T00:00:00Z,Male,983,Myanmar,MM
2020-02-06T00:00:00Z,Male,984,China,CN
2020-02-18T00:00:00Z,Male,985,Brazil,BR
2020-02-10T00:00:00Z,Female,986,Philippines,PH
2020-02-19T00:00:00Z,Female,987,Thailand,TH
2020-02-11T00:00:00Z,Male,988,Brazil,BR
2020-02-16T00:00:00Z,Female,989,Finland,FI
2020-02-15T00:00:00Z,Female,990,Philippines,PH
2020-02-24T00:00:00Z,Female,991,Japan,JP
2020-02-08T00:00:00Z,Male,992,Portugal,PT
2020-02-04T00:00:00Z,Male,993,France,FR
2020-02-04T00:00:00Z,Female,994,China,CN
2020-02-23T00:00:00Z,Male,995,China,CN
2020-02-14T00:00:00Z,Male,996,Indonesia,ID
2020-02-23T00:00:00Z,Male,997,Poland,PL
2020-02-23T00:00:00Z,Female,998,Guatemala,GT
2020-02-25T00:00:00Z,Male,999,Sweden,SE
2020-02-01T00:00:00Z,Female,1000,Portugal,PT
2020-01-20T00:00:00Z,Male,1,China,CN
2020-01-05T00:00:00Z,Male,2,Vietnam,VN
2020-01-12T00:00:00Z,Female,3,China,CN
2020-01-25T00:00:00Z,Male,4,China,CN
2020-01-10T00:00:00Z,Female,5,Thailand,TH
2020-01-17T00:00:00Z,Male,6,Bosnia and Herzegovina,BA
2020-01-12T00:00:00Z,Female,7,Indonesia,ID
2020-01-03T00:00:00Z,Male,8,Serbia,RS
2020-01-24T00:00:00Z,Female,9,Portugal,PT
2020-01-19T00:00:00Z,Male,10,Indonesia,ID
2020-01-30T00:00:00Z,Male,11,Tanzania,TZ
2020-01-16T00:00:00Z,Male,12,North Korea,KP
2020-01-29T00:00:00Z,Male,13,Slovenia,SI
2020-01-21T00:00:00Z,Female,14,China,CN
2020-01-21T00:00:00Z,Male,15,Portugal,PT
2020-01-09T00:00:00Z,Female,16,Peru,PE
2020-01-17T00:00:00Z,Female,17,Indonesia,ID
2020-01-30T00:00:00Z,Female,18,Indonesia,ID
2020-01-11T00:00:00Z,Male,19,Brazil,BR
2020-01-16T00:00:00Z,Male,20,China,CN
2020-01-16T00:00:00Z,Female,21,Indonesia,ID
2020-01-28T00:00:00Z,Male,22,Ireland,IE
2020-01-26T00:00:00Z,Male,23,Russia,RU
2020-01-21T00:00:00Z,Male,24,Indonesia,ID
2020-01-18T00:00:00Z,Male,25,Indonesia,ID
2020-01-16T00:00:00Z,Male,26,Croatia,HR
2020-01-15T00:00:00Z,Female,27,Philippines,PH
2020-01-27T00:00:00Z,Female,28,Thailand,TH
2020-01-24T00:00:00Z,Female,29,Czech Republic,CZ
2020-01-14T00:00:00Z,Female,30,China,CN
2020-01-16T00:00:00Z,Male,31,China,CN
2020-01-09T00:00:00Z,Male,32,Thailand,TH
2020-01-08T00:00:00Z,Male,33,Indonesia,ID
2020-01-01T00:00:00Z,Male,34,Argentina,AR
2020-01-12T00:00:00Z,Female,35,Ukraine,UA
2020-01-06T00:00:00Z,Female,36,Indonesia,ID
2020-01-25T00:00:00Z,Female,37,China,CN
2020-01-19T00:00:00Z,Female,38,China,CN
2020-01-05T00:00:00Z,Female,39,Philippines,PH
2020-01-06T00:00:00Z,Male,40,Poland,PL
2020-01-04T00:00:00Z,Male,41,Brazil,BR
2020-01-13T00:00:00Z,Female,42,Russia,RU
2020-01-13T00:00:00Z,Male,43,Malta,MT
2020-01-27T00:00:00Z,Female,44,Russia,RU
2020-01-26T00:00:00Z,Male,45,Philippines,PH
2020-01-05T00:00:00Z,Female,46,Indonesia,ID
2020-01-16T00:00:00Z,Male,47,China,CN
2020-01-17T00:00:00Z,Female,48,China,CN
2020-01-25T00:00:00Z,Male,49,China,CN
2020-01-09T00:00:00Z,Male,50,United States,US
2020-01-15T00:00:00Z,Male,51,Cameroon,CM
2020-01-30T00:00:00Z,Male,52,Palau,PW
2020-01-20T00:00:00Z,Male,53,China,CN
2020-01-30T00:00:00Z,Female,54,Canada,CA
2020-01-15T00:00:00Z,Female,55,Uruguay,UY
2020-01-22T00:00:00Z,Male,56,China,CN
2020-01-01T00:00:00Z,Female,57,Philippines,PH
2020-01-02T00:00:00Z,Male,58,China,CN
2020-01-28T00:00:00Z,Female,59,Peru,PE
2020-01-08T00:00:00Z,Female,60,Mexico,MX
2020-01-22T00:00:00Z,Male,61,Thailand,TH
2020-01-30T00:00:00Z,Male,62,Finland,FI
2020-01-21T00:00:00Z,Male,63,Iraq,IQ
2020-01-21T00:00:00Z,Female,64,Sweden,SE
2020-01-25T00:00:00Z,Male,65,Indonesia,ID
2020-01-24T00:00:00Z,Male,66,China,CN
2020-01-08T00:00:00Z,Male,67,Nigeria,NG
2020-01-30T00:00:00Z,Male,68,Mongolia,MN
2020-01-06T00:00:00Z,Male,69,Israel,IL
2020-01-17T00:00:00Z,Female,70,China,CN
2020-01-07T00:00:00Z,Female,71,China,CN
2020-01-12T00:00:00Z,Female,72,Poland,PL
2020-01-02T00:00:00Z,Male,73,Slovenia,SI
2020-01-29T00:00:00Z,Male,74,Brazil,BR
2020-01-21T00:00:00Z,Female,75,Syria,SY
2020-01-15T00:00:00Z,Female,76,Sweden,SE
2020-01-20T00:00:00Z,Male,77,Peru,PE
2020-01-08T00:00:00Z,Male,78,China,CN
2020-01-02T00:00:00Z,Male,79,Philippines,PH
2020-01-06T00:00:00Z,Female,80,Zimbabwe,ZW
2020-01-21T00:00:00Z,Female,81,Mexico,MX
2020-01-23T00:00:00Z,Female,82,China,CN
2020-01-26T00:00:00Z,Male,83,China,CN
2020-01-27T00:00:00Z,Male,84,China,CN
2020-01-02T00:00:00Z,Male,85,China,CN
2020-01-30T00:00:00Z,Male,86,Thailand,TH
2020-01-21T00:00:00Z,Male,87,China,CN
2020-01-13T00:00:00Z,Male,88,Sweden,SE
2020-01-01T00:00:00Z,Female,89,China,CN
2020-01-26T00:00:00Z,Male,90,Ireland,IE
2020-01-24T00:00:00Z,Male,91,Poland,PL
2020-01-16T00:00:00Z,Male,92,Afghanistan,AF
2020-01-24T00:00:00Z,Male,93,China,CN
2020-01-14T00:00:00Z,Male,94,Iran,IR
2020-01-11T00:00:00Z,Female,95,Myanmar,MM
2020-01-18T00:00:00Z,Male,96,Thailand,TH
2020-01-18T00:00:00Z,Male,97,Poland,PL
2020-01-22T00:00:00Z,Male,98,Russia,RU
2020-01-29T00:00:00Z,Female,99,Myanmar,MM
2020-01-27T00:00:00Z,Male,100,Indonesia,ID
2020-01-23T00:00:00Z,Male,101,Poland,PL
2020-01-06T00:00:00Z,Female,102,Indonesia,ID
2020-01-29T00:00:00Z,Male,103,Indonesia,ID
2020-01-07T00:00:00Z,Male,104,Indonesia,ID
2020-01-22T00:00:00Z,Female,105,China,CN
2020-01-21T00:00:00Z,Male,106,China,CN
2020-01-19T00:00:00Z,Female,107,Ukraine,UA
2020-01-15T00:00:00Z,Female,108,Russia,RU
2020-01-10T00:00:00Z,Female,109,Thailand,TH
2020-01-17T00:00:00Z,Male,110,China,CN
2020-01-17T00:00:00Z,Female,111,France,FR
2020-01-30T00:00:00Z,Male,112,Chile,CL
2020-01-23T00:00:00Z,Female,113,Sweden,SE
2020-01-24T00:00:00Z,Male,114,Russia,RU
2020-01-15T00:00:00Z,Female,115,Ireland,IE
2020-01-24T00:00:00Z,Male,116,China,CN
2020-01-24T00:00:00Z,Female,117,Nigeria,NG
2020-01-11T00:00:00Z,Male,118,United States,US
2020-01-01T00:00:00Z,Male,119,China,CN
2020-01-03T00:00:00Z,Female,120,Kyrgyzstan,KG
2020-01-20T00:00:00Z,Female,121,Serbia,RS
2020-01-08T00:00:00Z,Male,122,Peru,PE
2020-01-08T00:00:00Z,Male,123,Poland,PL
2020-01-07T00:00:00Z,Female,124,Ivory Coast,CI
2020-01-25T00:00:00Z,Male,125,Thailand,TH
2020-01-09T00:00:00Z,Male,126,Canada,CA
2020-01-04T00:00:00Z,Female,127,Syria,SY
2020-01-26T00:00:00Z,Female,128,Ukraine,UA
2020-01-13T00:00:00Z,Female,129,Ireland,IE
2020-01-19T00:00:00Z,Male,130,Poland,PL
2020-01-09T00:00:00Z,Female,131,Greece,GR
2020-01-01T00:00:00Z,Female,132,Philippines,PH
2020-01-23T00:00:00Z,Female,133,Philippines,PH
2020-01-01T00:00:00Z,Male,134,Brazil,BR
2020-01-09T00:00:00Z,Male,135,Russia,RU
2020-01-24T00:00:00Z,Male,136,China,CN
2020-01-11T00:00:00Z,Female,137,Cuba,CU
2020-01-18T00:00:00Z,Male,138,China,CN
2020-01-25T00:00:00Z,Male,139,Russia,RU
2020-01-19T00:00:00Z,Female,140,Mexico,MX
2020-01-29T00:00:00Z,Male,141,Greece,GR
2020-01-08T00:00:00Z,Female,142,Indonesia,ID
2020-01-06T00:00:00Z,Female,143,Poland,PL
2020-01-01T00:00:00Z,Female,144,Argentina,AR
2020-01-21T00:00:00Z,Male,145,Central African Republic,CF
2020-01-09T00:00:00Z,Female,146,Honduras,HN
2020-01-15T00:00:00Z,Female,147,Democratic Republic of the Congo,CD
2020-01-14T00:00:00Z,Male,148,Bangladesh,BD
2020-01-05T00:00:00Z,Female,149,Tunisia,TN
2020-01-29T00:00:00Z,Male,150,Indonesia,ID
2020-01-02T00:00:00Z,Male,151,China,CN
2020-01-25T00:00:00Z,Female,152,Afghanistan,AF
2020-01-17T00:00:00Z,Male,153,Poland,PL
2020-01-17T00:00:00Z,Female,154,Bosnia and Herzegovina,BA
2020-01-27T00:00:00Z,Female,155,Chile,CL
2020-01-24T00:00:00Z,Male,156,Ukraine,UA
2020-01-16T00:00:00Z,Male,157,France,FR
2020-01-25T00:00:00Z,Male,158,Czech Republic,CZ
2020-01-12T00:00:00Z,Female,159,Indonesia,ID
2020-01-04T00:00:00Z,Female,160,Dominican Republic,DO
2020-01-12T00:00:00Z,Female,161,Madagascar,MG
2020-01-01T00:00:00Z,Male,162,Poland,PL
2020-01-17T00:00:00Z,Male,163,Argentina,AR
2020-01-30T00:00:00Z,Female,164,China,CN
2020-01-05T00:00:00Z,Female,165,China,CN
2020-01-24T00:00:00Z,Female,166,North Korea,KP
2020-01-01T00:00:00Z,Female,167,Lithuania,LT
2020-01-12T00:00:00Z,Female,168,Indonesia,ID
2020-01-30T00:00:00Z,Female,169,China,CN
2020-01-22T00:00:00Z,Male,170,Ukraine,UA
2020-01-21T00:00:00Z,Male,171,Dominican Republic,DO
2020-01-11T00:00:00Z,Male,172,Indonesia,ID
2020-01-25T00:00:00Z,Female,173,Poland,PL
2020-01-18T00:00:00Z,Male,174,Poland,PL
2020-01-30T00:00:00Z,Female,175,Philippines,PH
2020-01-05T00:00:00Z,Male,176,China,CN
2020-01-17T00:00:00Z,Male,177,Russia,RU
2020-01-06T00:00:00Z,Male,178,Morocco,MA
2020-01-20T00:00:00Z,Male,179,France,FR
2020-01-05T00:00:00Z,Male,180,China,CN
2020-01-18T00:00:00Z,Male,181,Czech Republic,CZ
2020-01-14T00:00:00Z,Male,182,Argentina,AR
2020-01-04T00:00:00Z,Female,183,Indonesia,ID
2020-01-13T00:00:00Z,Female,184,Cameroon,CM
2020-01-22T00:00:00Z,Male,185,Brazil,BR
2020-01-25T00:00:00Z,Female,186,China,CN
2020-01-28T00:00:00Z,Female,187,Cuba,CU
2020-01-05T00:00:00Z,Female,188,Canada,CA
2020-01-24T00:00:00Z,Female,189,Ukraine,UA
2020-01-14T00:00:00Z,Male,190,Brazil,BR
2020-01-14T00:00:00Z,Male,191,Ghana,GH
2020-01-22T00:00:00Z,Female,192,Indonesia,ID
2020-01-17T00:00:00Z,Female,193,Poland,PL
2020-01-13T00:00:00Z,Female,194,Yemen,YE
2020-01-21T00:00:00Z,Female,195,Indonesia,ID
2020-01-09T00:00:00Z,Male,196,Myanmar,MM
2020-01-29T00:00:00Z,Male,197,Ukraine,UA
2020-01-12T00:00:00Z,Male,198,Poland,PL
2020-01-14T00:00:00Z,Male,199,South Korea,KR
2020-01-30T00:00:00Z,Male,200,Philippines,PH
2020-01-10T00:00:00Z,Female,201,China,CN
2020-01-04T00:00:00Z,Male,202,China,CN
2020-01-16T00:00:00Z,Male,203,Peru,PE
2020-01-22T00:00:00Z,Male,204,Indonesia,ID
2020-01-02T00:00:00Z,Female,205,Germany,DE
2020-01-23T00:00:00Z,Female,206,Belarus,BY
2020-01-15T00:00:00Z,Female,207,Norway,NO
2020-01-05T00:00:00Z,Female,208,China,CN
2020-01-08T00:00:00Z,Male,209,China,CN
2020-01-22T00:00:00Z,Male,210,Indonesia,ID
2020-01-23T00:00:00Z,Female,211,Indonesia,ID
2020-01-30T00:00:00Z,Male,212,Italy,IT
2020-01-02T00:00:00Z,Female,213,Colombia,CO
2020-01-02T00:00:00Z,Male,214,France,FR
2020-01-19T00:00:00Z,Female,215,Thailand,TH
2020-01-03T00:00:00Z,Female,216,France,FR
2020-01-09T00:00:00Z,Male,217,Iran,IR
2020-01-13T00:00:00Z,Male,218,China,CN
2020-01-09T00:00:00Z,Female,219,United Kingdom,GB
2020-01-25T00:00:00Z,Male,220,Nigeria,NG
2020-01-09T00:00:00Z,Male,221,Ukraine,UA
2020-01-05T00:00:00Z,Male,222,Kazakhstan,KZ
2020-01-27T00:00:00Z,Female,223,Palestinian Territory,PS
2020-01-09T00:00:00Z,Female,224,United States,US
2020-01-04T00:00:00Z,Female,225,China,CN
2020-01-05T00:00:00Z,Female,226,Indonesia,ID
2020-01-08T00:00:00Z,Male,227,Kazakhstan,KZ
2020-01-30T00:00:00Z,Male,228,Venezuela,VE
2020-01-02T00:00:00Z,Male,229,Philippines,PH
2020-01-28T00:00:00Z,Male,230,Afghanistan,AF
2020-01-28T00:00:00Z,Female,231,Indonesia,ID
2020-01-26T00:00:00Z,Female,232,Russia,RU
2020-01-29T00:00:00Z,Female,233,China,CN
2020-01-28T00:00:00Z,Male,234,Norway,NO
2020-01-28T00:00:00Z,Male,235,Iran,IR
2020-01-18T00:00:00Z,Female,236,Russia,RU
2020-01-26T00:00:00Z,Female,237,Uganda,UG
2020-01-12T00:00:00Z,Female,238,France,FR
2020-01-10T00:00:00Z,Female,239,Indonesia,ID
2020-01-24T00:00:00Z,Female,240,Nicaragua,NI
2020-01-14T00:00:00Z,Male,241,Nigeria,NG
2020-01-29T00:00:00Z,Male,242,Japan,JP
2020-01-09T00:00:00Z,Female,243,China,CN
2020-01-04T00:00:00Z,Male,244,Portugal,PT
2020-01-21T00:00:00Z,Female,245,Iran,IR
2020-01-27T00:00:00Z,Female,246,China,CN
2020-01-12T00:00:00Z,Male,247,Sudan,SD
2020-01-03T00:00:00Z,Female,248,Indonesia,ID
2020-01-04T00:00:00Z,Female,249,Germany,DE
2020-01-14T00:00:00Z,Male,250,Serbia,RS
2020-01-09T00:00:00Z,Male,251,Costa Rica,CR
2020-01-03T00:00:00Z,Female,252,Indonesia,ID
2020-01-20T00:00:00Z,Male,253,China,CN
2020-01-25T00:00:00Z,Female,254,Morocco,MA
2020-01-19T00:00:00Z,Male,255,Nigeria,NG
2020-01-27T00:00:00Z,Female,256,Ukraine,UA
2020-01-02T00:00:00Z,Male,257,Canada,CA
2020-01-23T00:00:00Z,Male,258,Russia,RU
2020-01-17T00:00:00Z,Female,259,China,CN
2020-01-03T00:00:00Z,Female,260,China,CN
2020-01-22T00:00:00Z,Male,261,Hong Kong,HK
2020-01-07T00:00:00Z,Male,262,Philippines,PH
2020-01-23T00:00:00Z,Male,263,Canada,CA
2020-01-17T00:00:00Z,Male,264,Chile,CL
2020-01-26T00:00:00Z,Male,265,Japan,JP
2020-01-28T00:00:00Z,Male,266,Chile,CL
2020-01-04T00:00:00Z,Male,267,Sri Lanka,LK
2020-01-30T00:00:00Z,Female,268,France,FR
2020-01-16T00:00:00Z,Male,269,Mauritius,MU
2020-01-26T00:00:00Z,Female,270,Tunisia,TN
2020-01-07T00:00:00Z,Female,271,Moldova,MD
2020-01-01T00:00:00Z,Female,272,Greece,GR
2020-01-21T00:00:00Z,Female,273,Russia,RU
2020-01-09T00:00:00Z,Male,274,American Samoa,AS
2020-01-28T00:00:00Z,Male,275,United States,US
2020-01-23T00:00:00Z,Female,276,Palestinian Territory,PS
2020-01-27T00:00:00Z,Female,277,Peru,PE
2020-01-14T00:00:00Z,Female,278,China,CN
2020-01-22T00:00:00Z,Male,279,Canada,CA
2020-01-21T00:00:00Z,Male,280,Russia,RU
2020-01-12T00:00:00Z,Male,281,Bosnia and Herzegovina,BA
2020-01-07T00:00:00Z,Male,282,Armenia,AM
2020-01-01T00:00:00Z,Male,283,China,CN
2020-01-30T00:00:00Z,Female,284,China,CN
2020-01-24T00:00:00Z,Female,285,Philippines,PH
2020-01-18T00:00:00Z,Female,286,Portugal,PT
2020-01-10T00:00:00Z,Female,287,China,CN
2020-01-23T00:00:00Z,Male,288,Russia,RU
2020-01-25T00:00:00Z,Male,289,Russia,RU
2020-01-11T00:00:00Z,Female,290,China,CN
2020-01-14T00:00:00Z,Male,291,Ukraine,UA
2020-01-02T00:00:00Z,Male,292,China,CN
2020-01-10T00:00:00Z,Female,293,Russia,RU
2020-01-25T00:00:00Z,Male,294,China,CN
2020-01-07T00:00:00Z,Male,295,Uganda,UG
2020-01-21T00:00:00Z,Male,296,Sudan,SD
2020-01-23T00:00:00Z,Female,297,Japan,JP
2020-01-16T00:00:00Z,Male,298,Macedonia,MK
2020-01-17T00:00:00Z,Male,299,Libya,LY
2020-01-28T00:00:00Z,Male,300,Sweden,SE
2020-01-29T00:00:00Z,Male,301,Chile,CL
2020-01-29T00:00:00Z,Female,302,Finland,FI
2020-01-26T00:00:00Z,Female,303,Russia,RU
2020-01-03T00:00:00Z,Male,304,Indonesia,ID
2020-01-26T00:00:00Z,Male,305,Poland,PL
2020-01-27T00:00:00Z,Male,306,Argentina,AR
2020-01-01T00:00:00Z,Male,307,Greece,GR
2020-01-28T00:00:00Z,Male,308,South Africa,ZA
2020-01-03T00:00:00Z,Female,309,China,CN
2020-01-22T00:00:00Z,Male,310,Sweden,SE
2020-01-29T00:00:00Z,Male,311,China,CN
2020-01-20T00:00:00Z,Male,312,Morocco,MA
2020-01-23T00:00:00Z,Female,313,Portugal,PT
2020-01-03T00:00:00Z,Female,314,Japan,JP
2020-01-01T00:00:00Z,Female,315,Colombia,CO
2020-01-18T00:00:00Z,Male,316,Indonesia,ID
2020-01-08T00:00:00Z,Male,317,France,FR
2020-01-11T00:00:00Z,Female,318,Russia,RU
2020-01-09T00:00:00Z,Male,319,Tajikistan,TJ
2020-01-04T00:00:00Z,Female,320,China,CN
2020-01-05T00:00:00Z,Male,321,United States,US
2020-01-22T00:00:00Z,Female,322,Afghanistan,AF
2020-01-06T00:00:00Z,Male,323,China,CN
2020-01-05T00:00:00Z,Female,324,Tunisia,TN
2020-01-12T00:00:00Z,Male,325,Zambia,ZM
2020-01-21T00:00:00Z,Female,326,China,CN
2020-01-02T00:00:00Z,Female,327,Canada,CA
2020-01-21T00:00:00Z,Female,328,China,CN
2020-01-29T00:00:00Z,Female,329,China,CN
2020-01-28T00:00:00Z,Female,330,Chile,CL
2020-01-24T00:00:00Z,Male,331,Afghanistan,AF
2020-01-29T00:00:00Z,Male,332,Honduras,HN
2020-01-08T00:00:00Z,Male,333,China,CN
2020-01-21T00:00:00Z,Female,334,Guatemala,GT
2020-01-24T00:00:00Z,Male,335,Czech Republic,CZ
2020-01-23T00:00:00Z,Female,336,Indonesia,ID
2020-01-24T00:00:00Z,Male,337,France,FR
2020-01-13T00:00:00Z,Female,338,China,CN
2020-01-28T00:00:00Z,Male,339,Egypt,EG
2020-01-26T00:00:00Z,Female,340,Indonesia,ID
2020-01-28T00:00:00Z,Male,341,Dominican Republic,DO
2020-01-05T00:00:00Z,Female,342,Canada,CA
2020-01-22T00:00:00Z,Male,343,Malawi,MW
2020-01-18T00:00:00Z,Female,344,Poland,PL
2020-01-06T00:00:00Z,Male,345,Philippines,PH
2020-01-23T00:00:00Z,Male,346,Mongolia,MN
2020-01-29T00:00:00Z,Male,347,Belarus,BY
2020-01-21T00:00:00Z,Female,348,Uruguay,UY
2020-01-08T00:00:00Z,Male,349,Poland,PL
2020-01-03T00:00:00Z,Male,350,Poland,PL
2020-01-22T00:00:00Z,Female,351,Thailand,TH
2020-01-26T00:00:00Z,Male,352,Afghanistan,AF
2020-01-29T00:00:00Z,Female,353,Philippines,PH
2020-01-30T00:00:00Z,Female,354,Thailand,TH
2020-01-06T00:00:00Z,Female,355,Norway,NO
2020-01-29T00:00:00Z,Male,356,China,CN
2020-01-18T00:00:00Z,Male,357,Philippines,PH
2020-01-09T00:00:00Z,Male,358,Lebanon,LB
2020-01-03T00:00:00Z,Male,359,Peru,PE
2020-01-07T00:00:00Z,Female,360,Brazil,BR
2020-01-27T00:00:00Z,Male,361,Philippines,PH
2020-01-12T00:00:00Z,Male,362,Philippines,PH
2020-01-17T00:00:00Z,Female,363,Mexico,MX
2020-01-07T00:00:00Z,Female,364,Ukraine,UA
2020-01-23T00:00:00Z,Female,365,Russia,RU
2020-01-28T00:00:00Z,Female,366,France,FR
2020-01-02T00:00:00Z,Female,367,Russia,RU
2020-01-29T00:00:00Z,Male,368,China,CN
2020-01-16T00:00:00Z,Female,369,Czech Republic,CZ
2020-01-12T00:00:00Z,Female,370,Poland,PL
2020-01-29T00:00:00Z,Male,371,United States,US
2020-01-25T00:00:00Z,Female,372,Russia,RU
2020-01-29T00:00:00Z,Male,373,Tanzania,TZ
2020-01-11T00:00:00Z,Male,374,China,CN
2020-01-10T00:00:00Z,Female,375,Indonesia,ID
2020-01-11T00:00:00Z,Male,376,Egypt,EG
2020-01-20T00:00:00Z,Female,377,Uruguay,UY
2020-01-11T00:00:00Z,Male,378,Thailand,TH
2020-01-07T00:00:00Z,Female,379,Armenia,AM
2020-01-16T00:00:00Z,Female,380,Argentina,AR
2020-01-22T00:00:00Z,Male,381,Russia,RU
2020-01-29T00:00:00Z,Female,382,Australia,AU
2020-01-07T00:00:00Z,Female,383,Denmark,DK
2020-01-19T00:00:00Z,Male,384,Czech Republic,CZ
2020-01-06T00:00:00Z,Male,385,Indonesia,ID
2020-01-07T00:00:00Z,Male,386,Belarus,BY
2020-01-09T00:00:00Z,Female,387,China,CN
2020-01-19T00:00:00Z,Male,388,Equatorial Guinea,GQ
2020-01-18T00:00:00Z,Male,389,Canada,CA
2020-01-01T00:00:00Z,Male,390,Poland,PL
2020-01-09T00:00:00Z,Male,391,Russia,RU
2020-01-26T00:00:00Z,Female,392,Indonesia,ID
2020-01-23T00:00:00Z,Male,393,Indonesia,ID
2020-01-30T00:00:00Z,Male,394,Greece,GR
2020-01-19T00:00:00Z,Female,395,Philippines,PH
2020-01-24T00:00:00Z,Female,396,Cameroon,CM
2020-01-07T00:00:00Z,Female,397,Madagascar,MG
2020-01-27T00:00:00Z,Female,398,Indonesia,ID
2020-01-01T00:00:00Z,Female,399,Philippines,PH
2020-01-08T00:00:00Z,Male,400,Russia,RU
2020-01-01T00:00:00Z,Female,401,China,CN
2020-01-14T00:00:00Z,Male,402,China,CN
2020-01-30T00:00:00Z,Male,403,Norway,NO
2020-01-29T00:00:00Z,Female,404,Gambia,GM
2020-01-05T00:00:00Z,Male,405,France,FR
2020-01-12T00:00:00Z,Male,406,Indonesia,ID
2020-01-30T00:00:00Z,Female,407,Yemen,YE
2020-01-04T00:00:00Z,Male,408,Cameroon,CM
2020-01-20T00:00:00Z,Female,409,France,FR
2020-01-13T00:00:00Z,Male,410,Panama,PA
2020-01-12T00:00:00Z,Female,411,Colombia,CO
2020-01-08T00:00:00Z,Male,412,Australia,AU
2020-01-01T00:00:00Z,Male,413,France,FR
2020-01-25T00:00:00Z,Female,414,Gambia,GM
2020-01-30T00:00:00Z,Male,415,Sweden,SE
2020-01-15T00:00:00Z,Male,416,Malaysia,MY
2020-01-03T00:00:00Z,Male,417,South Korea,KR
2020-01-17T00:00:00Z,Female,418,Bolivia,BO
2020-01-14T00:00:00Z,Male,419,Philippines,PH
2020-01-03T00:00:00Z,Male,420,Ireland,IE
2020-01-25T00:00:00Z,Female,421,Netherlands,NL
2020-01-22T00:00:00Z,Male,422,Albania,AL
2020-01-03T00:00:00Z,Male,423,Ukraine,UA
2020-01-07T00:00:00Z,Male,424,China,CN
2020-01-17T00:00:00Z,Female,425,Spain,ES
2020-01-09T00:00:00Z,Male,426,China,CN
2020-01-07T00:00:00Z,Female,427,Czech Republic,CZ
2020-01-23T00:00:00Z,Female,428,Cameroon,CM
2020-01-05T00:00:00Z,Female,429,Poland,PL
2020-01-29T00:00:00Z,Male,430,France,FR
2020-01-05T00:00:00Z,Female,431,Russia,RU
2020-01-14T00:00:00Z,Female,432,France,FR
2020-01-29T00:00:00Z,Male,433,Pakistan,PK
2020-01-01T00:00:00Z,Female,434,China,CN
2020-01-15T00:00:00Z,Female,435,Venezuela,VE
2020-01-14T00:00:00Z,Female,436,China,CN
2020-01-25T00:00:00Z,Female,437,Peru,PE
2020-01-15T00:00:00Z,Male,438,Sweden,SE
2020-01-18T00:00:00Z,Female,439,Russia,RU
2020-01-28T00:00:00Z,Male,440,United Kingdom,GB
2020-01-03T00:00:00Z,Female,441,Brazil,BR
2020-01-05T00:00:00Z,Female,442,Peru,PE
2020-01-03T00:00:00Z,Male,443,Philippines,PH
2020-01-01T00:00:00Z,Male,444,Russia,RU
2020-01-18T00:00:00Z,Female,445,China,CN
2020-01-09T00:00:00Z,Female,446,China,CN
2020-01-02T00:00:00Z,Male,447,Philippines,PH
2020-01-22T00:00:00Z,Female,448,China,CN
2020-01-13T00:00:00Z,Female,449,Bulgaria,BG
2020-01-16T00:00:00Z,Male,450,Spain,ES
2020-01-01T00:00:00Z,Male,451,United States,US
2020-01-20T00:00:00Z,Male,452,China,CN
2020-01-23T00:00:00Z,Male,453,China,CN
2020-01-15T00:00:00Z,Male,454,Russia,RU
2020-01-15T00:00:00Z,Male,455,China,CN
2020-01-18T00:00:00Z,Male,456,China,CN
2020-01-27T00:00:00Z,Female,457,China,CN
2020-01-21T00:00:00Z,Male,458,China,CN
2020-01-28T00:00:00Z,Female,459,Belarus,BY
2020-01-14T00:00:00Z,Female,460,United States,US
2020-01-21T00:00:00Z,Male,461,China,CN
2020-01-19T00:00:00Z,Male,462,Brazil,BR
2020-01-25T00:00:00Z,Female,463,Russia,RU
2020-01-08T00:00:00Z,Male,464,China,CN
2020-01-04T00:00:00Z,Male,465,United States,US
2020-01-03T00:00:00Z,Male,466,Zimbabwe,ZW
2020-01-22T00:00:00Z,Female,467,Bhutan,BT
2020-01-29T00:00:00Z,Female,468,France,FR
2020-01-14T00:00:00Z,Female,469,Indonesia,ID
2020-01-26T00:00:00Z,Male,470,Azerbaijan,AZ
2020-01-24T00:00:00Z,Male,471,China,CN
2020-01-15T00:00:00Z,Male,472,Slovenia,SI
2020-01-07T00:00:00Z,Male,473,China,CN
2020-01-30T00:00:00Z,Male,474,Sweden,SE
2020-01-23T00:00:00Z,Male,475,United States,US
2020-01-09T00:00:00Z,Male,476,Indonesia,ID
2020-01-28T00:00:00Z,Male,477,Poland,PL
2020-01-02T00:00:00Z,Female,478,Poland,PL
2020-01-11T00:00:00Z,Female,479,Indonesia,ID
2020-01-18T00:00:00Z,Male,480,Portugal,PT
2020-01-16T00:00:00Z,Female,481,Japan,JP
2020-01-01T00:00:00Z,Female,482,Philippines,PH
2020-01-24T00:00:00Z,Male,483,Indonesia,ID
2020-01-01T00:00:00Z,Female,484,Indonesia,ID
2020-01-24T00:00:00Z,Male,485,China,CN
2020-01-06T00:00:00Z,Female,486,Russia,RU
2020-01-11T00:00:00Z,Male,487,Costa Rica,CR
2020-01-19T00:00:00Z,Female,488,Poland,PL
2020-01-04T00:00:00Z,Female,489,China,CN
2020-01-14T00:00:00Z,Male,490,Portugal,PT
2020-01-14T00:00:00Z,Male,491,Cuba,CU
2020-01-29T00:00:00Z,Female,492,China,CN
2020-01-14T00:00:00Z,Male,493,Macedonia,MK
2020-01-28T00:00:00Z,Male,494,Guatemala,GT
2020-01-12T00:00:00Z,Female,495,Burkina Faso,BF
2020-01-08T00:00:00Z,Female,496,China,CN
2020-01-11T00:00:00Z,Female,497,Pakistan,PK
2020-01-26T00:00:00Z,Male,498,Ecuador,EC
2020-01-05T00:00:00Z,Male,499,China,CN
2020-01-15T00:00:00Z,Female,500,Brazil,BR
2020-01-18T00:00:00Z,Female,501,United States,US
2020-01-07T00:00:00Z,Male,502,Japan,JP
2020-01-08T00:00:00Z,Female,503,China,CN
2020-01-09T00:00:00Z,Female,504,Indonesia,ID
2020-01-18T00:00:00Z,Male,505,Ethiopia,ET
2020-01-10T00:00:00Z,Male,506,Argentina,AR
2020-01-08T00:00:00Z,Male,507,Mexico,MX
2020-01-12T00:00:00Z,Male,508,Peru,PE
2020-01-05T00:00:00Z,Female,509,Bolivia,BO
2020-01-27T00:00:00Z,Male,510,Portugal,PT
2020-01-18T00:00:00Z,Male,511,Poland,PL
2020-01-14T00:00:00Z,Male,512,New Zealand,NZ
2020-01-26T00:00:00Z,Male,513,Russia,RU
2020-01-14T00:00:00Z,Male,514,China,CN
2020-01-26T00:00:00Z,Male,515,France,FR
2020-01-20T00:00:00Z,Male,516,Thailand,TH
2020-01-05T00:00:00Z,Female,517,Kazakhstan,KZ
2020-01-05T00:00:00Z,Male,518,Portugal,PT
2020-01-06T00:00:00Z,Female,519,Philippines,PH
2020-01-11T00:00:00Z,Female,520,China,CN
2020-01-20T00:00:00Z,Female,521,China,CN
2020-01-09T00:00:00Z,Female,522,Tuvalu,TV
2020-01-17T00:00:00Z,Male,523,Poland,PL
2020-01-10T00:00:00Z,Male,524,China,CN
2020-01-14T00:00:00Z,Male,525,Bulgaria,BG
2020-01-22T00:00:00Z,Male,526,China,CN
2020-01-26T00:00:00Z,Male,527,Greece,GR
2020-01-13T00:00:00Z,Male,528,Brazil,BR
2020-01-21T00:00:00Z,Female,529,Indonesia,ID
2020-01-14T00:00:00Z,Male,530,China,CN
2020-01-09T00:00:00Z,Female,531,Argentina,AR
2020-01-24T00:00:00Z,Male,532,China,CN
2020-01-23T00:00:00Z,Female,533,Canada,CA
2020-01-16T00:00:00Z,Male,534,Peru,PE
2020-01-23T00:00:00Z,Male,535,Venezuela,VE
2020-01-14T00:00:00Z,Female,536,United States,US
2020-01-11T00:00:00Z,Male,537,China,CN
2020-01-26T00:00:00Z,Male,538,China,CN
2020-01-25T00:00:00Z,Male,539,Brazil,BR
2020-01-30T00:00:00Z,Male,540,Kenya,KE
2020-01-17T00:00:00Z,Male,541,Peru,PE
2020-01-14T00:00:00Z,Male,542,Jordan,JO
2020-01-26T00:00:00Z,Female,543,Indonesia,ID
2020-01-07T00:00:00Z,Female,544,Vietnam,VN
2020-01-27T00:00:00Z,Female,545,Mexico,MX
2020-01-25T00:00:00Z,Male,546,China,CN
2020-01-09T00:00:00Z,Female,547,China,CN
2020-01-30T00:00:00Z,Male,548,United States,US
2020-01-25T00:00:00Z,Male,549,France,FR
2020-01-28T00:00:00Z,Female,550,China,CN
2020-01-24T00:00:00Z,Male,551,Indonesia,ID
2020-01-02T00:00:00Z,Female,552,Macedonia,MK
2020-01-16T00:00:00Z,Female,553,Indonesia,ID
2020-01-29T00:00:00Z,Male,554,China,CN
2020-01-03T00:00:00Z,Female,555,China,CN
2020-01-05T00:00:00Z,Male,556,Poland,PL
2020-01-29T00:00:00Z,Male,557,Sweden,SE
2020-01-02T00:00:00Z,Female,558,Albania,AL
2020-01-30T00:00:00Z,Male,559,Philippines,PH
2020-01-02T00:00:00Z,Female,560,Russia,RU
2020-01-15T00:00:00Z,Female,561,Tanzania,TZ
2020-01-25T00:00:00Z,Male,562,China,CN
2020-01-13T00:00:00Z,Male,563,Philippines,PH
2020-01-24T00:00:00Z,Female,564,Gambia,GM
2020-01-07T00:00:00Z,Female,565,Philippines,PH
2020-01-30T00:00:00Z,Male,566,Indonesia,ID
2020-01-24T00:00:00Z,Female,567,Argentina,AR
2020-01-12T00:00:00Z,Male,568,Finland,FI
2020-01-30T00:00:00Z,Male,569,Netherlands,NL
2020-01-10T00:00:00Z,Female,570,Bangladesh,BD
2020-01-26T00:00:00Z,Female,571,Sweden,SE
2020-01-04T00:00:00Z,Male,572,China,CN
2020-01-26T00:00:00Z,Male,573,Russia,RU
2020-01-06T00:00:00Z,Male,574,China,CN
2020-01-19T00:00:00Z,Female,575,Portugal,PT
2020-01-06T00:00:00Z,Female,576,Indonesia,ID
2020-01-28T00:00:00Z,Male,577,Cyprus,CY
2020-01-04T00:00:00Z,Male,578,Portugal,PT
2020-01-20T00:00:00Z,Female,579,Philippines,PH
2020-01-17T00:00:00Z,Male,580,Morocco,MA
2020-01-08T00:00:00Z,Female,581,France,FR
2020-01-23T00:00:00Z,Female,582,Indonesia,ID
2020-01-21T00:00:00Z,Male,583,Mexico,MX
2020-01-03T00:00:00Z,Female,584,Russia,RU
2020-01-10T00:00:00Z,Female,585,Vietnam,VN
2020-01-14T00:00:00Z,Male,586,Poland,PL
2020-01-02T00:00:00Z,Female,587,Thailand,TH
2020-01-28T00:00:00Z,Female,588,China,CN
2020-01-20T00:00:00Z,Male,589,Philippines,PH
2020-01-27T00:00:00Z,Female,590,China,CN
2020-01-01T00:00:00Z,Female,591,Ethiopia,ET
2020-01-24T00:00:00Z,Female,592,Peru,PE
2020-01-03T00:00:00Z,Female,593,China,CN
2020-01-09T00:00:00Z,Male,594,Malaysia,MY
2020-01-14T00:00:00Z,Female,595,France,FR
2020-01-02T00:00:00Z,Female,596,France,FR
2020-01-01T00:00:00Z,Female,597,Armenia,AM
2020-01-08T00:00:00Z,Male,598,Russia,RU
2020-01-26T00:00:00Z,Female,599,Brazil,BR
2020-01-09T00:00:00Z,Male,600,Thailand,TH
2020-01-20T00:00:00Z,Male,601,Nepal,NP
2020-01-30T00:00:00Z,Male,602,Croatia,HR
2020-01-13T00:00:00Z,Male,603,Malaysia,MY
2020-01-23T00:00:00Z,Female,604,South Korea,KR
2020-01-10T00:00:00Z,Male,605,Philippines,PH
2020-01-06T00:00:00Z,Female,606,Syria,SY
2020-01-04T00:00:00Z,Female,607,China,CN
2020-01-10T00:00:00Z,Male,608,Argentina,AR
2020-01-09T00:00:00Z,Female,609,Brazil,BR
2020-01-15T00:00:00Z,Male,610,Madagascar,MG
2020-01-12T00:00:00Z,Female,611,Japan,JP
2020-01-24T00:00:00Z,Female,612,Philippines,PH
2020-01-12T00:00:00Z,Female,613,Slovenia,SI
2020-01-20T00:00:00Z,Female,614,Thailand,TH
2020-01-19T00:00:00Z,Female,615,Vietnam,VN
2020-01-16T00:00:00Z,Female,616,Brazil,BR
2020-01-07T00:00:00Z,Male,617,Somalia,SO
2020-01-29T00:00:00Z,Male,618,Philippines,PH
2020-01-29T00:00:00Z,Female,619,Papua New Guinea,PG
2020-01-03T00:00:00Z,Female,620,Russia,RU
2020-01-15T00:00:00Z,Male,621,Indonesia,ID
2020-01-21T00:00:00Z,Male,622,Russia,RU
2020-01-27T00:00:00Z,Male,623,Sweden,SE
2020-01-16T00:00:00Z,Male,624,Poland,PL
2020-01-03T00:00:00Z,Female,625,Nigeria,NG
2020-01-22T00:00:00Z,Male,626,China,CN
2020-01-21T00:00:00Z,Female,627,Nigeria,NG
2020-01-02T00:00:00Z,Female,628,United States,US
2020-01-14T00:00:00Z,Male,629,Philippines,PH
2020-01-09T00:00:00Z,Female,630,Syria,SY
2020-01-22T00:00:00Z,Male,631,Indonesia,ID
2020-01-05T00:00:00Z,Female,632,China,CN
2020-01-09T00:00:00Z,Male,633,Mexico,MX
2020-01-16T00:00:00Z,Female,634,Nigeria,NG
2020-01-22T00:00:00Z,Female,635,Indonesia,ID
2020-01-06T00:00:00Z,Male,636,Peru,PE
2020-01-08T00:00:00Z,Female,637,China,CN
2020-01-16T00:00:00Z,Female,638,China,CN
2020-01-24T00:00:00Z,Female,639,Russia,RU
2020-01-03T00:00:00Z,Female,640,Philippines,PH
2020-01-19T00:00:00Z,Female,641,Argentina,AR
2020-01-12T00:00:00Z,Male,642,Ukraine,UA
2020-01-10T00:00:00Z,Female,643,South Africa,ZA
2020-01-22T00:00:00Z,Female,644,Brazil,BR
2020-01-16T00:00:00Z,Female,645,China,CN
2020-01-23T00:00:00Z,Female,646,Brazil,BR
2020-01-08T00:00:00Z,Male,647,Indonesia,ID
2020-01-14T00:00:00Z,Female,648,Indonesia,ID
2020-01-14T00:00:00Z,Female,649,Andorra,AD
2020-01-11T00:00:00Z,Female,650,New Zealand,NZ
2020-01-08T00:00:00Z,Female,651,China,CN
2020-01-24T00:00:00Z,Male,652,China,CN
2020-01-15T00:00:00Z,Male,653,Philippines,PH
2020-01-25T00:00:00Z,Male,654,Zambia,ZM
2020-01-05T00:00:00Z,Male,655,Bulgaria,BG
2020-01-07T00:00:00Z,Male,656,Iraq,IQ
2020-01-11T00:00:00Z,Male,657,Portugal,PT
2020-01-17T00:00:00Z,Female,658,Pakistan,PK
2020-01-10T00:00:00Z,Male,659,China,CN
2020-01-17T00:00:00Z,Male,660,Honduras,HN
2020-01-12T00:00:00Z,Female,661,Argentina,AR
2020-01-27T00:00:00Z,Male,662,Egypt,EG
2020-01-01T00:00:00Z,Male,663,China,CN
2020-01-13T00:00:00Z,Female,664,Benin,BJ
2020-01-14T00:00:00Z,Male,665,Peru,PE
2020-01-29T00:00:00Z,Female,666,France,FR
2020-01-01T00:00:00Z,Female,667,Tunisia,TN
2020-01-05T00:00:00Z,Female,668,Thailand,TH
2020-01-23T00:00:00Z,Female,669,Philippines,PH
2020-01-22T00:00:00Z,Female,670,Philippines,PH
2020-01-27T00:00:00Z,Female,671,Poland,PL
2020-01-03T00:00:00Z,Male,672,China,CN
2020-01-23T00:00:00Z,Male,673,Lebanon,LB
2020-01-17T00:00:00Z,Female,674,Sudan,SD
2020-01-09T00:00:00Z,Male,675,Philippines,PH
2020-01-11T00:00:00Z,Male,676,China,CN
2020-01-09T00:00:00Z,Male,677,Ireland,IE
2020-01-29T00:00:00Z,Male,678,Yemen,YE
2020-01-14T00:00:00Z,Female,679,China,CN
2020-01-03T00:00:00Z,Female,680,Philippines,PH
2020-01-25T00:00:00Z,Female,681,Indonesia,ID
2020-01-11T00:00:00Z,Male,682,Indonesia,ID
2020-01-02T00:00:00Z,Female,683,Brazil,BR
2020-01-18T00:00:00Z,Male,684,Ukraine,UA
2020-01-07T00:00:00Z,Male,685,Philippines,PH
2020-01-07T00:00:00Z,Male,686,Japan,JP
2020-01-02T00:00:00Z,Female,687,China,CN
2020-01-16T00:00:00Z,Female,688,China,CN
2020-01-27T00:00:00Z,Male,689,Indonesia,ID
2020-01-18T00:00:00Z,Female,690,Montenegro,ME
2020-01-29T00:00:00Z,Female,691,China,CN
2020-01-15T00:00:00Z,Male,692,Philippines,PH
2020-01-16T00:00:00Z,Female,693,Kazakhstan,KZ
2020-01-03T00:00:00Z,Female,694,Palestinian Territory,PS
2020-01-21T00:00:00Z,Male,695,Portugal,PT
2020-01-08T00:00:00Z,Male,696,Albania,AL
2020-01-21T00:00:00Z,Male,697,Peru,PE
2020-01-23T00:00:00Z,Female,698,Thailand,TH
2020-01-14T00:00:00Z,Female,699,Slovenia,SI
2020-01-20T00:00:00Z,Male,700,Indonesia,ID
2020-01-15T00:00:00Z,Male,701,Iran,IR
2020-01-21T00:00:00Z,Female,702,Armenia,AM
2020-01-19T00:00:00Z,Male,703,Thailand,TH
2020-01-26T00:00:00Z,Male,704,Indonesia,ID
2020-01-09T00:00:00Z,Female,705,Brazil,BR
2020-01-13T00:00:00Z,Male,706,Canada,CA
2020-01-18T00:00:00Z,Female,707,China,CN
2020-01-29T00:00:00Z,Female,708,Colombia,CO
2020-01-13T00:00:00Z,Male,709,Venezuela,VE
2020-01-19T00:00:00Z,Female,710,Libya,LY
2020-01-16T00:00:00Z,Male,711,China,CN
2020-01-18T00:00:00Z,Male,712,Canada,CA
2020-01-13T00:00:00Z,Female,713,United States,US
2020-01-10T00:00:00Z,Female,714,Poland,PL
2020-01-26T00:00:00Z,Female,715,Uzbekistan,UZ
2020-01-25T00:00:00Z,Female,716,Russia,RU
2020-01-22T00:00:00Z,Male,717,China,CN
2020-01-29T00:00:00Z,Male,718,Russia,RU
2020-01-20T00:00:00Z,Male,719,Greece,GR
2020-01-09T00:00:00Z,Female,720,Norway,NO
2020-01-09T00:00:00Z,Female,721,Russia,RU
2020-01-13T00:00:00Z,Female,722,Chile,CL
2020-01-05T00:00:00Z,Male,723,Poland,PL
2020-01-06T00:00:00Z,Female,724,Democratic Republic of the Congo,CD
2020-01-16T00:00:00Z,Male,725,China,CN
2020-01-24T00:00:00Z,Male,726,Brazil,BR
2020-01-02T00:00:00Z,Male,727,Philippines,PH
2020-01-29T00:00:00Z,Female,728,Russia,RU
2020-01-30T00:00:00Z,Male,729,Panama,PA
2020-01-10T00:00:00Z,Female,730,East Timor,TL
2020-01-17T00:00:00Z,Male,731,China,CN
2020-01-17T00:00:00Z,Female,732,Russia,RU
2020-01-09T00:00:00Z,Male,733,France,FR
2020-01-16T00:00:00Z,Male,734,Ireland,IE
2020-01-24T00:00:00Z,Female,735,Mexico,MX
2020-01-17T00:00:00Z,Male,736,Indonesia,ID
2020-01-16T00:00:00Z,Male,737,Venezuela,VE
2020-01-17T00:00:00Z,Male,738,China,CN
2020-01-26T00:00:00Z,Male,739,China,CN
2020-01-30T00:00:00Z,Male,740,Central African Republic,CF
2020-01-05T00:00:00Z,Female,741,Indonesia,ID
2020-01-22T00:00:00Z,Male,742,Portugal,PT
2020-01-21T00:00:00Z,Male,743,United States,US
2020-01-18T00:00:00Z,Male,744,Ireland,IE
2020-01-29T00:00:00Z,Male,745,China,CN
2020-01-14T00:00:00Z,Female,746,Serbia,RS
2020-01-03T00:00:00Z,Female,747,Brazil,BR
2020-01-03T00:00:00Z,Female,748,Russia,RU
2020-01-26T00:00:00Z,Female,749,China,CN
2020-01-02T00:00:00Z,Male,750,Mauritania,MR
2020-01-28T00:00:00Z,Male,751,Indonesia,ID
2020-01-10T00:00:00Z,Female,752,Argentina,AR
2020-01-02T00:00:00Z,Male,753,Bolivia,BO
2020-01-14T00:00:00Z,Female,754,Indonesia,ID
2020-01-27T00:00:00Z,Female,755,Canada,CA
2020-01-02T00:00:00Z,Female,756,Ukraine,UA
2020-01-26T00:00:00Z,Female,757,United States,US
2020-01-17T00:00:00Z,Female,758,Bulgaria,BG
2020-01-28T00:00:00Z,Male,759,Philippines,PH
2020-01-07T00:00:00Z,Male,760,Indonesia,ID
2020-01-05T00:00:00Z,Female,761,Madagascar,MG
2020-01-06T00:00:00Z,Female,762,Russia,RU
2020-01-22T00:00:00Z,Male,763,China,CN
2020-01-15T00:00:00Z,Female,764,United Kingdom,GB
2020-01-04T00:00:00Z,Female,765,China,CN
2020-01-04T00:00:00Z,Female,766,United States,US
2020-01-14T00:00:00Z,Female,767,Brazil,BR
2020-01-26T00:00:00Z,Female,768,Philippines,PH
2020-01-02T00:00:00Z,Male,769,Philippines,PH
2020-01-15T00:00:00Z,Female,770,Brazil,BR
2020-01-02T00:00:00Z,Female,771,Uruguay,UY
2020-01-22T00:00:00Z,Female,772,Indonesia,ID
2020-01-03T00:00:00Z,Female,773,Serbia,RS
2020-01-11T00:00:00Z,Female,774,Indonesia,ID
2020-01-26T00:00:00Z,Male,775,Democratic Republic of the Congo,CD
2020-01-13T00:00:00Z,Male,776,Indonesia,ID
2020-01-26T00:00:00Z,Male,777,United States,US
2020-01-03T00:00:00Z,Female,778,Philippines,PH
2020-01-20T00:00:00Z,Male,779,Brazil,BR
2020-01-13T00:00:00Z,Male,780,Slovenia,SI
2020-01-09T00:00:00Z,Male,781,Slovenia,SI
2020-01-02T00:00:00Z,Female,782,Philippines,PH
2020-01-20T00:00:00Z,Female,783,Japan,JP
2020-01-10T00:00:00Z,Male,784,China,CN
2020-01-13T00:00:00Z,Female,785,Philippines,PH
2020-01-18T00:00:00Z,Male,786,China,CN
2020-01-20T00:00:00Z,Male,787,France,FR
2020-01-28T00:00:00Z,Male,788,Japan,JP
2020-01-14T00:00:00Z,Female,789,Portugal,PT
2020-01-28T00:00:00Z,Female,790,Indonesia,ID
2020-01-24T00:00:00Z,Male,791,Czech Republic,CZ
2020-01-05T00:00:00Z,Female,792,Japan,JP
2020-01-10T00:00:00Z,Male,793,China,CN
2020-01-23T00:00:00Z,Female,794,Malta,MT
2020-01-25T00:00:00Z,Male,795,China,CN
2020-01-20T00:00:00Z,Female,796,Georgia,GE
2020-01-30T00:00:00Z,Female,797,Sweden,SE
2020-01-27T00:00:00Z,Female,798,China,CN
2020-01-17T00:00:00Z,Female,799,France,FR
2020-01-08T00:00:00Z,Female,800,Croatia,HR
2020-01-28T00:00:00Z,Female,801,China,CN
2020-01-03T00:00:00Z,Female,802,Brazil,BR
2020-01-16T00:00:00Z,Male,803,Indonesia,ID
2020-01-10T00:00:00Z,Female,804,Russia,RU
2020-01-28T00:00:00Z,Female,805,Latvia,LV
2020-01-23T00:00:00Z,Female,806,Japan,JP
2020-01-24T00:00:00Z,Male,807,Indonesia,ID
2020-01-23T00:00:00Z,Female,808,United States,US
2020-01-26T00:00:00Z,Female,809,China,CN
2020-01-19T00:00:00Z,Female,810,South Africa,ZA
2020-01-17T00:00:00Z,Female,811,Armenia,AM
2020-01-08T00:00:00Z,Female,812,Ukraine,UA
2020-01-29T00:00:00Z,Female,813,China,CN
2020-01-25T00:00:00Z,Female,814,Thailand,TH
2020-01-22T00:00:00Z,Male,815,Ghana,GH
2020-01-14T00:00:00Z,Male,816,Brazil,BR
2020-01-20T00:00:00Z,Male,817,Saint Lucia,LC
2020-01-23T00:00:00Z,Female,818,China,CN
2020-01-27T00:00:00Z,Female,819,Poland,PL
2020-01-15T00:00:00Z,Male,820,China,CN
2020-01-14T00:00:00Z,Male,821,Guatemala,GT
2020-01-11T00:00:00Z,Male,822,China,CN
2020-01-29T00:00:00Z,Male,823,Poland,PL
2020-01-23T00:00:00Z,Female,824,China,CN
2020-01-07T00:00:00Z,Male,825,New Zealand,NZ
2020-01-29T00:00:00Z,Female,826,Albania,AL
2020-01-10T00:00:00Z,Female,827,Indonesia,ID
2020-01-14T00:00:00Z,Male,828,Portugal,PT
2020-01-25T00:00:00Z,Male,829,Brazil,BR
2020-01-15T00:00:00Z,Female,830,Greece,GR
2020-01-14T00:00:00Z,Female,831,Dominican Republic,DO
2020-01-14T00:00:00Z,Male,832,Brazil,BR
2020-01-13T00:00:00Z,Female,833,Somalia,SO
2020-01-22T00:00:00Z,Female,834,Russia,RU
2020-01-20T00:00:00Z,Female,835,Poland,PL
2020-01-06T00:00:00Z,Female,836,Russia,RU
2020-01-18T00:00:00Z,Male,837,Reunion,RE
2020-01-20T00:00:00Z,Female,838,Malaysia,MY
2020-01-07T00:00:00Z,Female,839,Slovenia,SI
2020-01-17T00:00:00Z,Female,840,Israel,IL
2020-01-09T00:00:00Z,Female,841,Armenia,AM
2020-01-14T00:00:00Z,Female,842,China,CN
2020-01-25T00:00:00Z,Male,843,China,CN
2020-01-25T00:00:00Z,Male,844,China,CN
2020-01-13T00:00:00Z,Female,845,Laos,LA
2020-01-07T00:00:00Z,Male,846,Russia,RU
2020-01-21T00:00:00Z,Female,847,Sweden,SE
2020-01-07T00:00:00Z,Female,848,Portugal,PT
2020-01-14T00:00:00Z,Male,849,Indonesia,ID
2020-01-25T00:00:00Z,Male,850,China,CN
2020-01-28T00:00:00Z,Female,851,China,CN
2020-01-29T00:00:00Z,Female,852,Brazil,BR
2020-01-28T00:00:00Z,Male,853,Peru,PE
2020-01-26T00:00:00Z,Male,854,France,FR
2020-01-06T00:00:00Z,Female,855,China,CN
2020-01-13T00:00:00Z,Female,856,Indonesia,ID
2020-01-03T00:00:00Z,Male,857,Serbia,RS
2020-01-27T00:00:00Z,Male,858,Indonesia,ID
2020-01-26T00:00:00Z,Female,859,Slovenia,SI
2020-01-21T00:00:00Z,Female,860,Indonesia,ID
2020-01-24T00:00:00Z,Female,861,Czech Republic,CZ
2020-01-03T00:00:00Z,Male,862,Mongolia,MN
2020-01-18T00:00:00Z,Male,863,Philippines,PH
2020-01-16T00:00:00Z,Female,864,Spain,ES
2020-01-27T00:00:00Z,Male,865,China,CN
2020-01-03T00:00:00Z,Female,866,Indonesia,ID
2020-01-22T00:00:00Z,Female,867,China,CN
2020-01-15T00:00:00Z,Female,868,Chad,TD
2020-01-26T00:00:00Z,Male,869,Indonesia,ID
2020-01-03T00:00:00Z,Female,870,Croatia,HR
2020-01-08T00:00:00Z,Male,871,Niger,NE
2020-01-30T00:00:00Z,Male,872,China,CN
2020-01-27T00:00:00Z,Female,873,China,CN
2020-01-17T00:00:00Z,Male,874,China,CN
2020-01-01T00:00:00Z,Female,875,Philippines,PH
2020-01-22T00:00:00Z,Female,876,China,CN
2020-01-24T00:00:00Z,Male,877,Indonesia,ID
2020-01-30T00:00:00Z,Female,878,China,CN
2020-01-26T00:00:00Z,Female,879,Japan,JP
2020-01-08T00:00:00Z,Female,880,Czech Republic,CZ
2020-01-01T00:00:00Z,Female,881,Ecuador,EC
2020-01-12T00:00:00Z,Female,882,Indonesia,ID
2020-01-21T00:00:00Z,Male,883,United States,US
2020-01-27T00:00:00Z,Male,884,Croatia,HR
2020-01-01T00:00:00Z,Male,885,Haiti,HT
2020-01-27T00:00:00Z,Female,886,China,CN
2020-01-30T00:00:00Z,Male,887,Venezuela,VE
2020-01-21T00:00:00Z,Female,888,Indonesia,ID
2020-01-06T00:00:00Z,Female,889,Indonesia,ID
2020-01-25T00:00:00Z,Female,890,Thailand,TH
2020-01-17T00:00:00Z,Male,891,Ireland,IE
2020-01-17T00:00:00Z,Female,892,Ireland,IE
2020-01-25T00:00:00Z,Male,893,China,CN
2020-01-28T00:00:00Z,Female,894,Greece,GR
2020-01-07T00:00:00Z,Female,895,Philippines,PH
2020-01-29T00:00:00Z,Male,896,Peru,PE
2020-01-14T00:00:00Z,Female,897,Albania,AL
2020-01-22T00:00:00Z,Male,898,Canada,CA
2020-01-15T00:00:00Z,Male,899,Peru,PE
2020-01-25T00:00:00Z,Male,900,Armenia,AM
2020-01-09T00:00:00Z,Male,901,Madagascar,MG
2020-01-07T00:00:00Z,Male,902,China,CN
2020-01-09T00:00:00Z,Female,903,Colombia,CO
2020-01-05T00:00:00Z,Male,904,China,CN
2020-01-28T00:00:00Z,Female,905,Zambia,ZM
2020-01-24T00:00:00Z,Male,906,Indonesia,ID
2020-01-23T00:00:00Z,Female,907,Poland,PL
2020-01-01T00:00:00Z,Female,908,China,CN
2020-01-17T00:00:00Z,Male,909,Bahamas,BS
2020-01-01T00:00:00Z,Male,910,China,CN
2020-01-04T00:00:00Z,Male,911,Philippines,PH
2020-01-09T00:00:00Z,Male,912,France,FR
2020-01-16T00:00:00Z,Male,913,Tanzania,TZ
2020-01-28T00:00:00Z,Male,914,France,FR
2020-01-09T00:00:00Z,Male,915,China,CN
2020-01-09T00:00:00Z,Female,916,Russia,RU
2020-01-12T00:00:00Z,Female,917,Greece,GR
2020-01-20T00:00:00Z,Female,918,Grenada,GD
2020-01-20T00:00:00Z,Female,919,Sweden,SE
2020-01-30T00:00:00Z,Male,920,Philippines,PH
2020-01-08T00:00:00Z,Male,921,Zimbabwe,ZW
2020-01-03T00:00:00Z,Female,922,Malaysia,MY
2020-01-25T00:00:00Z,Female,923,Afghanistan,AF
2020-01-19T00:00:00Z,Female,924,Peru,PE
2020-01-02T00:00:00Z,Male,925,Indonesia,ID
2020-01-02T00:00:00Z,Female,926,Greece,GR
2020-01-24T00:00:00Z,Female,927,China,CN
2020-01-20T00:00:00Z,Male,928,Russia,RU
2020-01-10T00:00:00Z,Female,929,China,CN
2020-01-10T00:00:00Z,Male,930,Mayotte,YT
2020-01-28T00:00:00Z,Female,931,France,FR
2020-01-10T00:00:00Z,Male,932,China,CN
2020-01-08T00:00:00Z,Male,933,Brazil,BR
2020-01-10T00:00:00Z,Male,934,Guatemala,GT
2020-01-15T00:00:00Z,Male,935,Russia,RU
2020-01-14T00:00:00Z,Male,936,Philippines,PH
2020-01-10T00:00:00Z,Female,937,Mongolia,MN
2020-01-28T00:00:00Z,Female,938,Portugal,PT
2020-01-22T00:00:00Z,Male,939,Brazil,BR
2020-01-18T00:00:00Z,Male,940,Slovenia,SI
2020-01-17T00:00:00Z,Male,941,Indonesia,ID
2020-01-13T00:00:00Z,Male,942,Philippines,PH
2020-01-15T00:00:00Z,Female,943,Portugal,PT
2020-01-17T00:00:00Z,Female,944,Indonesia,ID
2020-01-08T00:00:00Z,Female,945,Russia,RU
2020-01-17T00:00:00Z,Male,946,Serbia,RS
2020-01-09T00:00:00Z,Male,947,Brazil,BR
2020-01-06T00:00:00Z,Male,948,Venezuela,VE
2020-01-26T00:00:00Z,Female,949,Philippines,PH
2020-01-11T00:00:00Z,Female,950,South Korea,KR
2020-01-04T00:00:00Z,Male,951,Afghanistan,AF
2020-01-08T00:00:00Z,Female,952,Cyprus,CY
2020-01-17T00:00:00Z,Male,953,China,CN
2020-01-19T00:00:00Z,Female,954,China,CN
2020-01-17T00:00:00Z,Female,955,Spain,ES
2020-01-02T00:00:00Z,Female,956,Syria,SY
2020-01-02T00:00:00Z,Female,957,Thailand,TH
2020-01-14T00:00:00Z,Female,958,Croatia,HR
2020-01-17T00:00:00Z,Male,959,Finland,FI
2020-01-05T00:00:00Z,Female,960,Ecuador,EC
2020-01-14T00:00:00Z,Female,961,Indonesia,ID
2020-01-27T00:00:00Z,Female,962,Poland,PL
2020-01-18T00:00:00Z,Female,963,Indonesia,ID
2020-01-18T00:00:00Z,Female,964,China,CN
2020-01-09T00:00:00Z,Female,965,China,CN
2020-01-04T00:00:00Z,Male,966,Colombia,CO
2020-01-13T00:00:00Z,Female,967,Indonesia,ID
2020-01-08T00:00:00Z,Female,968,Brazil,BR
2020-01-20T00:00:00Z,Male,969,Russia,RU
2020-01-24T00:00:00Z,Female,970,China,CN
2020-01-16T00:00:00Z,Male,971,Argentina,AR
2020-01-03T00:00:00Z,Female,972,Poland,PL
2020-01-28T00:00:00Z,Male,973,Indonesia,ID
2020-01-10T00:00:00Z,Female,974,Honduras,HN
2020-01-16T00:00:00Z,Female,975,Indonesia,ID
2020-01-17T00:00:00Z,Female,976,Luxembourg,LU
2020-01-10T00:00:00Z,Male,977,Vietnam,VN
2020-01-05T00:00:00Z,Female,978,Mongolia,MN
2020-01-26T00:00:00Z,Female,979,Indonesia,ID
2020-01-08T00:00:00Z,Male,980,Netherlands,NL
2020-01-26T00:00:00Z,Male,981,Mongolia,MN
2020-01-21T00:00:00Z,Female,982,China,CN
2020-01-06T00:00:00Z,Male,983,Serbia,RS
2020-01-05T00:00:00Z,Female,984,France,FR
2020-01-16T00:00:00Z,Female,985,Paraguay,PY
2020-01-22T00:00:00Z,Female,986,Japan,JP
2020-01-20T00:00:00Z,Female,987,Palestinian Territory,PS
2020-01-28T00:00:00Z,Male,988,Morocco,MA
2020-01-01T00:00:00Z,Female,989,Albania,AL
2020-01-25T00:00:00Z,Male,990,Russia,RU
2020-01-30T00:00:00Z,Female,991,Philippines,PH
2020-01-23T00:00:00Z,Female,992,China,CN
2020-01-10T00:00:00Z,Female,993,Indonesia,ID
2020-01-12T00:00:00Z,Male,994,Indonesia,ID
2020-01-10T00:00:00Z,Male,995,Madagascar,MG
2020-01-21T00:00:00Z,Female,996,Malaysia,MY
2020-01-20T00:00:00Z,Male,997,China,CN
2020-01-28T00:00:00Z,Female,998,China,CN
2020-01-05T00:00:00Z,Female,999,China,CN
2020-01-03T00:00:00Z,Female,1000,Palestinian Territory,PS
2019-02-12T00:00:00Z,Male,1,Sweden,SE
2019-10-15T00:00:00Z,Female,2,Chad,TD
2019-05-22T00:00:00Z,Male,3,Philippines,PH
2019-03-02T00:00:00Z,Male,4,Malaysia,MY
2019-11-12T00:00:00Z,Female,5,Malaysia,MY
2019-04-26T00:00:00Z,Male,6,Indonesia,ID
2019-04-24T00:00:00Z,Female,7,Chile,CL
2019-09-21T00:00:00Z,Male,8,China,CN
2019-09-18T00:00:00Z,Female,9,Sweden,SE
2019-07-22T00:00:00Z,Female,10,Russia,RU
2019-03-07T00:00:00Z,Female,11,United States,US
2019-01-24T00:00:00Z,Female,12,Poland,PL
2019-05-14T00:00:00Z,Female,13,Philippines,PH
2019-06-03T00:00:00Z,Female,14,Sweden,SE
2019-03-05T00:00:00Z,Female,15,China,CN
2019-06-28T00:00:00Z,Female,16,Thailand,TH
2019-04-27T00:00:00Z,Female,17,China,CN
2019-01-20T00:00:00Z,Female,18,Philippines,PH
2019-09-27T00:00:00Z,Male,19,Indonesia,ID
2019-04-05T00:00:00Z,Female,20,Tanzania,TZ
2019-04-06T00:00:00Z,Female,21,Brazil,BR
2019-10-13T00:00:00Z,Female,22,China,CN
2019-08-05T00:00:00Z,Male,23,China,CN
2019-07-29T00:00:00Z,Male,24,Albania,AL
2019-05-21T00:00:00Z,Male,25,Poland,PL
2019-08-05T00:00:00Z,Male,26,Philippines,PH
2019-09-02T00:00:00Z,Male,27,Tunisia,TN
2019-07-13T00:00:00Z,Female,28,China,CN
2019-11-13T00:00:00Z,Female,29,Czech Republic,CZ
2019-04-16T00:00:00Z,Male,30,French Polynesia,PF
2019-03-04T00:00:00Z,Male,31,Afghanistan,AF
2019-01-29T00:00:00Z,Female,32,Lithuania,LT
2019-02-18T00:00:00Z,Male,33,France,FR
2019-08-10T00:00:00Z,Female,34,Tajikistan,TJ
2019-01-21T00:00:00Z,Female,35,Thailand,TH
2019-07-05T00:00:00Z,Male,36,Indonesia,ID
2019-05-08T00:00:00Z,Male,37,France,FR
2019-05-15T00:00:00Z,Female,38,Chile,CL
2019-07-08T00:00:00Z,Male,39,China,CN
2019-01-31T00:00:00Z,Male,40,Brazil,BR
2019-02-15T00:00:00Z,Female,41,Tajikistan,TJ
2019-05-28T00:00:00Z,Male,42,Albania,AL
2019-07-20T00:00:00Z,Male,43,Sweden,SE
2019-02-12T00:00:00Z,Male,44,Russia,RU
2019-08-26T00:00:00Z,Male,45,Indonesia,ID
2019-02-17T00:00:00Z,Female,46,China,CN
2019-07-31T00:00:00Z,Male,47,Germany,DE
2019-09-18T00:00:00Z,Female,48,Germany,DE
2019-05-06T00:00:00Z,Male,49,Sweden,SE
2019-06-29T00:00:00Z,Female,50,Kosovo,XK
2019-11-07T00:00:00Z,Male,51,Madagascar,MG
2019-04-18T00:00:00Z,Male,52,Palestinian Territory,PS
2019-03-31T00:00:00Z,Male,53,Venezuela,VE
2019-05-04T00:00:00Z,Female,54,Greece,GR
2019-10-23T00:00:00Z,Female,55,Kazakhstan,KZ
2019-03-20T00:00:00Z,Male,56,Serbia,RS
2019-02-10T00:00:00Z,Female,57,Lithuania,LT
2019-02-22T00:00:00Z,Male,58,Japan,JP
2019-09-04T00:00:00Z,Female,59,China,CN
2019-05-04T00:00:00Z,Male,60,Philippines,PH
2019-02-15T00:00:00Z,Female,61,Philippines,PH
2019-08-12T00:00:00Z,Male,62,China,CN
2019-02-04T00:00:00Z,Male,63,Argentina,AR
2019-05-15T00:00:00Z,Male,64,Thailand,TH
2019-03-30T00:00:00Z,Female,65,Netherlands,NL
2019-11-18T00:00:00Z,Female,66,Argentina,AR
2019-03-25T00:00:00Z,Female,67,China,CN
2019-01-14T00:00:00Z,Female,68,Brazil,BR
2019-04-30T00:00:00Z,Female,69,China,CN
2019-08-20T00:00:00Z,Male,70,Canada,CA
2019-03-17T00:00:00Z,Male,71,Philippines,PH
2019-05-14T00:00:00Z,Female,72,China,CN
2019-10-19T00:00:00Z,Male,73,Ivory Coast,CI
2019-08-04T00:00:00Z,Female,74,China,CN
2019-10-02T00:00:00Z,Male,75,Colombia,CO
2019-08-29T00:00:00Z,Male,76,Uganda,UG
2019-05-26T00:00:00Z,Male,77,Japan,JP
2019-07-11T00:00:00Z,Female,78,China,CN
2019-04-08T00:00:00Z,Female,79,China,CN
2019-04-22T00:00:00Z,Male,80,Honduras,HN
2019-09-09T00:00:00Z,Female,81,Philippines,PH
2019-05-13T00:00:00Z,Female,82,Peru,PE
2019-09-30T00:00:00Z,Female,83,China,CN
2019-02-20T00:00:00Z,Male,84,China,CN
2019-05-21T00:00:00Z,Female,85,Indonesia,ID
2019-03-18T00:00:00Z,Male,86,Palestinian Territory,PS
2019-04-30T00:00:00Z,Female,87,China,CN
2019-08-19T00:00:00Z,Male,88,Philippines,PH
2019-05-26T00:00:00Z,Male,89,Greece,GR
2019-10-01T00:00:00Z,Male,90,Iran,IR
2019-11-23T00:00:00Z,Male,91,Kazakhstan,KZ
2019-07-28T00:00:00Z,Male,92,Azerbaijan,AZ
2019-03-12T00:00:00Z,Female,93,China,CN
2019-09-26T00:00:00Z,Female,94,Indonesia,ID
2019-04-03T00:00:00Z,Male,95,Russia,RU
2019-01-21T00:00:00Z,Male,96,Sweden,SE
2019-02-24T00:00:00Z,Female,97,Finland,FI
2019-07-15T00:00:00Z,Female,98,Egypt,EG
2019-01-20T00:00:00Z,Female,99,Japan,JP
2019-03-10T00:00:00Z,Female,100,Mongolia,MN
2019-01-21T00:00:00Z,Female,101,France,FR
2019-07-04T00:00:00Z,Female,102,Russia,RU
2019-04-01T00:00:00Z,Male,103,Brazil,BR
2019-01-25T00:00:00Z,Male,104,Philippines,PH
2019-11-21T00:00:00Z,Female,105,China,CN
2019-03-30T00:00:00Z,Female,106,Russia,RU
2019-10-16T00:00:00Z,Female,107,Greece,GR
2019-04-18T00:00:00Z,Female,108,Brazil,BR
2019-10-19T00:00:00Z,Male,109,New Zealand,NZ
2019-06-22T00:00:00Z,Male,110,Pakistan,PK
2019-01-26T00:00:00Z,Female,111,Philippines,PH
2019-08-14T00:00:00Z,Male,112,Portugal,PT
2019-02-20T00:00:00Z,Female,113,China,CN
2019-03-14T00:00:00Z,Male,114,Vietnam,VN
2019-05-01T00:00:00Z,Female,115,Brazil,BR
2019-09-26T00:00:00Z,Male,116,Poland,PL
2019-04-05T00:00:00Z,Male,117,Czech Republic,CZ
2019-02-26T00:00:00Z,Female,118,Brazil,BR
2019-06-28T00:00:00Z,Male,119,China,CN
2019-05-26T00:00:00Z,Female,120,Philippines,PH
2019-08-20T00:00:00Z,Female,121,Indonesia,ID
2019-10-12T00:00:00Z,Female,122,Dominican Republic,DO
2019-11-17T00:00:00Z,Male,123,Indonesia,ID
2019-08-05T00:00:00Z,Male,124,Colombia,CO
2019-09-11T00:00:00Z,Female,125,Russia,RU
2019-09-19T00:00:00Z,Male,126,Philippines,PH
2019-03-11T00:00:00Z,Male,127,Angola,AO
2019-04-19T00:00:00Z,Male,128,Mongolia,MN
2019-04-17T00:00:00Z,Male,129,China,CN
2019-02-06T00:00:00Z,Male,130,Belarus,BY
2019-05-03T00:00:00Z,Male,131,Russia,RU
2019-10-30T00:00:00Z,Female,132,Portugal,PT
2019-10-01T00:00:00Z,Male,133,China,CN
2019-05-25T00:00:00Z,Male,134,Brazil,BR
2019-02-25T00:00:00Z,Male,135,China,CN
2019-01-23T00:00:00Z,Male,136,Sweden,SE
2019-07-16T00:00:00Z,Female,137,France,FR
2019-05-26T00:00:00Z,Female,138,China,CN
2019-11-10T00:00:00Z,Female,139,Sweden,SE
2019-03-20T00:00:00Z,Male,140,Czech Republic,CZ
2019-06-04T00:00:00Z,Male,141,Bolivia,BO
2019-10-24T00:00:00Z,Male,142,Poland,PL
2019-05-26T00:00:00Z,Male,143,Ukraine,UA
2019-03-11T00:00:00Z,Female,144,Philippines,PH
2019-07-13T00:00:00Z,Female,145,Norway,NO
2019-05-14T00:00:00Z,Male,146,Pakistan,PK
2019-04-14T00:00:00Z,Female,147,Philippines,PH
2019-04-06T00:00:00Z,Male,148,Indonesia,ID
2019-06-15T00:00:00Z,Female,149,Indonesia,ID
2019-02-10T00:00:00Z,Male,150,Japan,JP
2019-11-03T00:00:00Z,Female,151,Philippines,PH
2019-06-02T00:00:00Z,Male,152,France,FR
2019-02-09T00:00:00Z,Male,153,Ukraine,UA
2019-03-21T00:00:00Z,Female,154,China,CN
2019-04-29T00:00:00Z,Female,155,Malaysia,MY
2019-10-17T00:00:00Z,Female,156,China,CN
2019-07-05T00:00:00Z,Female,157,Japan,JP
2019-02-06T00:00:00Z,Female,158,Indonesia,ID
2019-10-03T00:00:00Z,Male,159,Iraq,IQ
2019-09-10T00:00:00Z,Female,160,Greece,GR
2019-09-04T00:00:00Z,Female,161,Colombia,CO
2019-07-19T00:00:00Z,Female,162,Brazil,BR
2019-07-01T00:00:00Z,Female,163,Portugal,PT
2019-08-09T00:00:00Z,Female,164,Sweden,SE
2019-07-24T00:00:00Z,Male,165,Sweden,SE
2019-11-02T00:00:00Z,Female,166,Sweden,SE
2019-06-15T00:00:00Z,Female,167,Czech Republic,CZ
2019-07-02T00:00:00Z,Female,168,Serbia,RS
2019-06-14T00:00:00Z,Female,169,United States,US
2019-04-16T00:00:00Z,Male,170,Hungary,HU
2019-04-22T00:00:00Z,Male,171,Poland,PL
2019-07-23T00:00:00Z,Male,172,China,CN
2019-05-06T00:00:00Z,Female,173,Burkina Faso,BF
2019-04-13T00:00:00Z,Male,174,Peru,PE
2019-02-26T00:00:00Z,Female,175,Iraq,IQ
2019-10-09T00:00:00Z,Male,176,France,FR
2019-11-17T00:00:00Z,Female,177,Philippines,PH
2019-02-02T00:00:00Z,Male,178,Russia,RU
2019-03-29T00:00:00Z,Male,179,Thailand,TH
2019-01-19T00:00:00Z,Female,180,China,CN
2019-01-16T00:00:00Z,Male,181,France,FR
2019-06-21T00:00:00Z,Male,182,Portugal,PT
2019-08-18T00:00:00Z,Male,183,China,CN
2019-10-20T00:00:00Z,Male,184,Croatia,HR
2019-01-21T00:00:00Z,Male,185,China,CN
2019-11-04T00:00:00Z,Female,186,Indonesia,ID
2019-06-20T00:00:00Z,Male,187,Brazil,BR
2019-08-07T00:00:00Z,Female,188,China,CN
2019-03-23T00:00:00Z,Female,189,Russia,RU
2019-05-09T00:00:00Z,Female,190,Tanzania,TZ
2019-08-22T00:00:00Z,Male,191,Philippines,PH
2019-10-07T00:00:00Z,Male,192,Thailand,TH
2019-10-24T00:00:00Z,Female,193,South Korea,KR
2019-08-08T00:00:00Z,Male,194,China,CN
2019-05-26T00:00:00Z,Female,195,Philippines,PH
2019-09-03T00:00:00Z,Male,196,Philippines,PH
2019-09-03T00:00:00Z,Female,197,Sweden,SE
2019-06-08T00:00:00Z,Male,198,China,CN
2019-06-23T00:00:00Z,Female,199,China,CN
2019-08-12T00:00:00Z,Male,200,Ukraine,UA
2019-03-22T00:00:00Z,Female,201,China,CN
2019-02-18T00:00:00Z,Female,202,Philippines,PH
2019-05-10T00:00:00Z,Female,203,Brazil,BR
2019-10-29T00:00:00Z,Male,204,Poland,PL
2019-10-16T00:00:00Z,Male,205,New Zealand,NZ
2019-11-05T00:00:00Z,Male,206,Czech Republic,CZ
2019-06-20T00:00:00Z,Female,207,China,CN
2019-04-26T00:00:00Z,Female,208,Nigeria,NG
2019-11-08T00:00:00Z,Female,209,Senegal,SN
2019-02-18T00:00:00Z,Female,210,Ukraine,UA
2019-09-27T00:00:00Z,Male,211,Portugal,PT
2019-07-17T00:00:00Z,Male,212,Brazil,BR
2019-06-26T00:00:00Z,Male,213,China,CN
2019-07-31T00:00:00Z,Male,214,Guinea,GN
2019-02-26T00:00:00Z,Female,215,Mexico,MX
2019-10-25T00:00:00Z,Male,216,China,CN
2019-08-29T00:00:00Z,Female,217,Estonia,EE
2019-10-21T00:00:00Z,Male,218,Portugal,PT
2019-04-22T00:00:00Z,Male,219,China,CN
2019-09-30T00:00:00Z,Female,220,China,CN
2019-11-23T00:00:00Z,Male,221,Italy,IT
2019-03-23T00:00:00Z,Male,222,South Africa,ZA
2019-02-22T00:00:00Z,Female,223,United States,US
2019-11-11T00:00:00Z,Female,224,France,FR
2019-08-12T00:00:00Z,Female,225,Argentina,AR
2019-09-07T00:00:00Z,Male,226,China,CN
2019-02-06T00:00:00Z,Male,227,Poland,PL
2019-04-14T00:00:00Z,Male,228,China,CN
2019-09-23T00:00:00Z,Male,229,China,CN
2019-10-26T00:00:00Z,Female,230,Iran,IR
2019-06-03T00:00:00Z,Male,231,Czech Republic,CZ
2019-05-30T00:00:00Z,Male,232,Syria,SY
2019-03-18T00:00:00Z,Female,233,Azerbaijan,AZ
2019-11-09T00:00:00Z,Female,234,China,CN
2019-10-07T00:00:00Z,Female,235,China,CN
2019-07-13T00:00:00Z,Female,236,Serbia,RS
2019-05-04T00:00:00Z,Male,237,Brazil,BR
2019-07-11T00:00:00Z,Male,238,Philippines,PH
2019-07-11T00:00:00Z,Female,239,Vietnam,VN
2019-07-05T00:00:00Z,Female,240,Serbia,RS
2019-09-26T00:00:00Z,Male,241,Czech Republic,CZ
2019-04-02T00:00:00Z,Male,242,China,CN
2019-10-25T00:00:00Z,Male,243,Vietnam,VN
2019-10-29T00:00:00Z,Male,244,Ukraine,UA
2019-11-08T00:00:00Z,Male,245,Haiti,HT
2019-03-19T00:00:00Z,Female,246,Cambodia,KH
2019-01-30T00:00:00Z,Male,247,Philippines,PH
2019-06-12T00:00:00Z,Female,248,Mexico,MX
2019-04-20T00:00:00Z,Male,249,Nigeria,NG
2019-05-14T00:00:00Z,Male,250,Argentina,AR
2019-10-09T00:00:00Z,Female,251,Russia,RU
2019-03-26T00:00:00Z,Male,252,United States,US
2019-09-10T00:00:00Z,Male,253,Indonesia,ID
2019-05-30T00:00:00Z,Female,254,Saudi Arabia,SA
2019-03-06T00:00:00Z,Female,255,Russia,RU
2019-10-22T00:00:00Z,Female,256,Indonesia,ID
2019-03-12T00:00:00Z,Male,257,Philippines,PH
2019-05-27T00:00:00Z,Female,258,Russia,RU
2019-11-16T00:00:00Z,Male,259,France,FR
2019-07-06T00:00:00Z,Male,260,Russia,RU
2019-04-20T00:00:00Z,Female,261,Philippines,PH
2019-01-13T00:00:00Z,Female,262,Indonesia,ID
2019-04-28T00:00:00Z,Male,263,Dominican Republic,DO
2019-07-22T00:00:00Z,Female,264,Russia,RU
2019-08-29T00:00:00Z,Female,265,Bangladesh,BD
2019-02-02T00:00:00Z,Male,266,China,CN
2019-04-19T00:00:00Z,Female,267,France,FR
2019-02-01T00:00:00Z,Male,268,Indonesia,ID
2019-05-25T00:00:00Z,Male,269,China,CN
2019-10-11T00:00:00Z,Female,270,Czech Republic,CZ
2019-10-19T00:00:00Z,Male,271,Philippines,PH
2019-09-11T00:00:00Z,Female,272,Indonesia,ID
2019-09-13T00:00:00Z,Male,273,Russia,RU
2019-05-03T00:00:00Z,Male,274,Russia,RU
2019-06-18T00:00:00Z,Male,275,Bolivia,BO
2019-08-04T00:00:00Z,Female,276,Czech Republic,CZ
2019-06-05T00:00:00Z,Female,277,United States,US
2019-10-04T00:00:00Z,Male,278,China,CN
2019-02-06T00:00:00Z,Male,279,Morocco,MA
2019-04-20T00:00:00Z,Female,280,Maldives,MV
2019-08-09T00:00:00Z,Female,281,Macedonia,MK
2019-02-08T00:00:00Z,Female,282,Indonesia,ID
2019-06-18T00:00:00Z,Female,283,France,FR
2019-09-29T00:00:00Z,Female,284,Peru,PE
2019-10-28T00:00:00Z,Female,285,China,CN
2019-02-08T00:00:00Z,Female,286,China,CN
2019-08-17T00:00:00Z,Female,287,Portugal,PT
2019-04-24T00:00:00Z,Female,288,Russia,RU
2019-03-05T00:00:00Z,Female,289,China,CN
2019-04-22T00:00:00Z,Male,290,China,CN
2019-02-27T00:00:00Z,Female,291,Poland,PL
2019-05-21T00:00:00Z,Male,292,Belarus,BY
2019-04-30T00:00:00Z,Female,293,China,CN
2019-02-15T00:00:00Z,Female,294,China,CN
2019-05-30T00:00:00Z,Male,295,Portugal,PT
2019-03-10T00:00:00Z,Male,296,Poland,PL
2019-11-05T00:00:00Z,Male,297,China,CN
2019-09-11T00:00:00Z,Female,298,Dominican Republic,DO
2019-07-15T00:00:00Z,Male,299,China,CN
2019-10-06T00:00:00Z,Male,300,Italy,IT
2019-06-19T00:00:00Z,Female,301,Poland,PL
2019-07-05T00:00:00Z,Female,302,China,CN
2019-07-22T00:00:00Z,Male,303,Portugal,PT
2019-02-21T00:00:00Z,Female,304,Mexico,MX
2019-10-18T00:00:00Z,Female,305,Russia,RU
2019-04-16T00:00:00Z,Male,306,Sweden,SE
2019-02-25T00:00:00Z,Female,307,New Caledonia,NC
2019-09-10T00:00:00Z,Female,308,Trinidad and Tobago,TT
2019-11-20T00:00:00Z,Male,309,Philippines,PH
2019-10-17T00:00:00Z,Male,310,China,CN
2019-04-01T00:00:00Z,Female,311,Indonesia,ID
2019-08-12T00:00:00Z,Male,312,France,FR
2019-01-23T00:00:00Z,Male,313,Poland,PL
2019-11-01T00:00:00Z,Male,314,Poland,PL
2019-08-16T00:00:00Z,Female,315,Russia,RU
2019-05-10T00:00:00Z,Male,316,Sweden,SE
2019-07-28T00:00:00Z,Male,317,Serbia,RS
2019-05-24T00:00:00Z,Male,318,Ukraine,UA
2019-10-16T00:00:00Z,Female,319,Norway,NO
2019-02-09T00:00:00Z,Female,320,Spain,ES
2019-08-28T00:00:00Z,Female,321,Russia,RU
2019-01-15T00:00:00Z,Female,322,China,CN
2019-03-21T00:00:00Z,Male,323,China,CN
2019-03-07T00:00:00Z,Male,324,Ireland,IE
2019-06-03T00:00:00Z,Female,325,Mongolia,MN
2019-04-07T00:00:00Z,Female,326,China,CN
2019-08-09T00:00:00Z,Female,327,Indonesia,ID
2019-09-29T00:00:00Z,Male,328,Russia,RU
2019-10-18T00:00:00Z,Female,329,China,CN
2019-05-29T00:00:00Z,Male,330,China,CN
2019-10-22T00:00:00Z,Male,331,France,FR
2019-05-27T00:00:00Z,Male,332,Indonesia,ID
2019-07-03T00:00:00Z,Female,333,Colombia,CO
2019-10-21T00:00:00Z,Male,334,Sri Lanka,LK
2019-08-28T00:00:00Z,Female,335,China,CN
2019-05-26T00:00:00Z,Male,336,Poland,PL
2019-04-28T00:00:00Z,Female,337,Argentina,AR
2019-04-24T00:00:00Z,Male,338,Japan,JP
2019-01-23T00:00:00Z,Female,339,Portugal,PT
2019-02-21T00:00:00Z,Male,340,Morocco,MA
2019-04-09T00:00:00Z,Female,341,Nigeria,NG
2019-02-07T00:00:00Z,Female,342,Indonesia,ID
2019-08-26T00:00:00Z,Female,343,Philippines,PH
2019-01-16T00:00:00Z,Male,344,Zimbabwe,ZW
2019-01-13T00:00:00Z,Female,345,United States,US
2019-03-16T00:00:00Z,Female,346,Portugal,PT
2019-07-14T00:00:00Z,Male,347,Indonesia,ID
2019-05-09T00:00:00Z,Male,348,Russia,RU
2019-08-11T00:00:00Z,Male,349,Portugal,PT
2019-01-24T00:00:00Z,Male,350,Czech Republic,CZ
2019-10-23T00:00:00Z,Male,351,Portugal,PT
2019-10-02T00:00:00Z,Female,352,France,FR
2019-08-02T00:00:00Z,Male,353,South Africa,ZA
2019-03-17T00:00:00Z,Male,354,China,CN
2019-03-03T00:00:00Z,Male,355,China,CN
2019-08-07T00:00:00Z,Male,356,France,FR
2019-02-16T00:00:00Z,Female,357,China,CN
2019-01-29T00:00:00Z,Female,358,Finland,FI
2019-01-30T00:00:00Z,Female,359,Poland,PL
2019-11-26T00:00:00Z,Male,360,Yemen,YE
2019-11-07T00:00:00Z,Male,361,Philippines,PH
2019-01-24T00:00:00Z,Female,362,China,CN
2019-07-11T00:00:00Z,Male,363,Panama,PA
2019-01-14T00:00:00Z,Male,364,Peru,PE
2019-04-11T00:00:00Z,Male,365,China,CN
2019-09-11T00:00:00Z,Male,366,Mexico,MX
2019-06-30T00:00:00Z,Female,367,Peru,PE
2019-03-20T00:00:00Z,Female,368,Brazil,BR
2019-06-27T00:00:00Z,Female,369,Indonesia,ID
2019-07-10T00:00:00Z,Male,370,Macedonia,MK
2019-07-22T00:00:00Z,Male,371,Uruguay,UY
2019-08-04T00:00:00Z,Female,372,Netherlands,NL
2019-04-10T00:00:00Z,Female,373,Canada,CA
2019-04-12T00:00:00Z,Female,374,China,CN
2019-03-31T00:00:00Z,Male,375,Indonesia,ID
2019-10-11T00:00:00Z,Male,376,China,CN
2019-11-21T00:00:00Z,Female,377,Malta,MT
2019-07-15T00:00:00Z,Male,378,Zambia,ZM
2019-06-02T00:00:00Z,Male,379,France,FR
2019-07-18T00:00:00Z,Female,380,China,CN
2019-07-24T00:00:00Z,Female,381,Poland,PL
2019-10-19T00:00:00Z,Female,382,Morocco,MA
2019-11-06T00:00:00Z,Female,383,Indonesia,ID
2019-02-24T00:00:00Z,Male,384,China,CN
2019-07-31T00:00:00Z,Male,385,China,CN
2019-08-15T00:00:00Z,Male,386,Greece,GR
2019-08-31T00:00:00Z,Female,387,China,CN
2019-02-23T00:00:00Z,Female,388,Nigeria,NG
2019-10-15T00:00:00Z,Male,389,Indonesia,ID
2019-07-30T00:00:00Z,Female,390,Colombia,CO
2019-02-02T00:00:00Z,Male,391,Poland,PL
2019-06-19T00:00:00Z,Male,392,Ghana,GH
2019-03-01T00:00:00Z,Male,393,Nigeria,NG
2019-09-14T00:00:00Z,Female,394,Indonesia,ID
2019-04-04T00:00:00Z,Female,395,Tunisia,TN
2019-04-10T00:00:00Z,Female,396,France,FR
2019-09-17T00:00:00Z,Female,397,Luxembourg,LU
2019-02-27T00:00:00Z,Female,398,Egypt,EG
2019-02-26T00:00:00Z,Male,399,Japan,JP
2019-07-14T00:00:00Z,Male,400,Philippines,PH
2019-07-24T00:00:00Z,Male,401,Russia,RU
2019-06-28T00:00:00Z,Male,402,Greece,GR
2019-10-02T00:00:00Z,Female,403,Thailand,TH
2019-01-14T00:00:00Z,Female,404,China,CN
2019-01-28T00:00:00Z,Male,405,China,CN
2019-03-31T00:00:00Z,Male,406,Republic of the Congo,CG
2019-11-13T00:00:00Z,Male,407,Indonesia,ID
2019-10-24T00:00:00Z,Female,408,Philippines,PH
2019-01-18T00:00:00Z,Male,409,China,CN
2019-04-08T00:00:00Z,Female,410,Russia,RU
2019-04-30T00:00:00Z,Female,411,China,CN
2019-10-27T00:00:00Z,Female,412,South Africa,ZA
2019-05-06T00:00:00Z,Male,413,Mauritius,MU
2019-10-10T00:00:00Z,Male,414,Mongolia,MN
2019-11-07T00:00:00Z,Female,415,Philippines,PH
2019-11-04T00:00:00Z,Female,416,China,CN
2019-02-24T00:00:00Z,Female,417,Armenia,AM
2019-07-02T00:00:00Z,Female,418,Albania,AL
2019-01-28T00:00:00Z,Female,419,Poland,PL
2019-09-23T00:00:00Z,Male,420,Indonesia,ID
2019-10-26T00:00:00Z,Female,421,China,CN
2019-03-14T00:00:00Z,Female,422,Tanzania,TZ
2019-05-18T00:00:00Z,Male,423,Ethiopia,ET
2019-01-20T00:00:00Z,Female,424,Philippines,PH
2019-08-12T00:00:00Z,Male,425,Guatemala,GT
2019-07-01T00:00:00Z,Male,426,Philippines,PH
2019-04-20T00:00:00Z,Female,427,Philippines,PH
2019-05-27T00:00:00Z,Female,428,Indonesia,ID
2019-03-13T00:00:00Z,Male,429,Brazil,BR
2019-02-07T00:00:00Z,Male,430,China,CN
2019-06-06T00:00:00Z,Male,431,Belgium,BE
2019-03-08T00:00:00Z,Female,432,Kazakhstan,KZ
2019-04-19T00:00:00Z,Female,433,China,CN
2019-04-25T00:00:00Z,Female,434,Brazil,BR
2019-10-15T00:00:00Z,Male,435,Mexico,MX
2019-05-21T00:00:00Z,Female,436,Cuba,CU
2019-10-04T00:00:00Z,Female,437,Indonesia,ID
2019-08-04T00:00:00Z,Female,438,Burkina Faso,BF
2019-07-13T00:00:00Z,Female,439,China,CN
2019-10-15T00:00:00Z,Female,440,Philippines,PH
2019-11-12T00:00:00Z,Female,441,Indonesia,ID
2019-03-17T00:00:00Z,Female,442,Philippines,PH
2019-05-22T00:00:00Z,Male,443,China,CN
2019-03-18T00:00:00Z,Female,444,China,CN
2019-03-30T00:00:00Z,Male,445,Ukraine,UA
2019-07-20T00:00:00Z,Male,446,Sweden,SE
2019-09-01T00:00:00Z,Female,447,Myanmar,MM
2019-02-26T00:00:00Z,Male,448,Russia,RU
2019-06-18T00:00:00Z,Female,449,China,CN
2019-10-23T00:00:00Z,Female,450,China,CN
2019-02-01T00:00:00Z,Female,451,Zimbabwe,ZW
2019-08-28T00:00:00Z,Male,452,China,CN
2019-09-03T00:00:00Z,Female,453,Russia,RU
2019-11-02T00:00:00Z,Male,454,Vietnam,VN
2019-02-21T00:00:00Z,Female,455,Nepal,NP
2019-05-26T00:00:00Z,Male,456,China,CN
2019-05-29T00:00:00Z,Male,457,Indonesia,ID
2019-02-11T00:00:00Z,Female,458,Estonia,EE
2019-06-14T00:00:00Z,Male,459,Japan,JP
2019-08-04T00:00:00Z,Female,460,Russia,RU
2019-10-01T00:00:00Z,Female,461,Czech Republic,CZ
2019-07-01T00:00:00Z,Female,462,China,CN
2019-03-03T00:00:00Z,Male,463,China,CN
2019-10-18T00:00:00Z,Male,464,China,CN
2019-02-11T00:00:00Z,Female,465,Brazil,BR
2019-03-22T00:00:00Z,Female,466,Indonesia,ID
2019-02-12T00:00:00Z,Male,467,Brazil,BR
2019-03-31T00:00:00Z,Male,468,Philippines,PH
2019-06-29T00:00:00Z,Male,469,United Kingdom,GB
2019-07-28T00:00:00Z,Male,470,Japan,JP
2019-02-12T00:00:00Z,Female,471,Philippines,PH
2019-07-22T00:00:00Z,Male,472,China,CN
2019-02-08T00:00:00Z,Female,473,Russia,RU
2019-06-05T00:00:00Z,Female,474,Portugal,PT
2019-09-15T00:00:00Z,Female,475,China,CN
2019-03-20T00:00:00Z,Female,476,Cyprus,CY
2019-11-15T00:00:00Z,Female,477,Indonesia,ID
2019-03-20T00:00:00Z,Male,478,Palestinian Territory,PS
2019-05-19T00:00:00Z,Female,479,Indonesia,ID
2019-08-26T00:00:00Z,Female,480,Russia,RU
2019-09-25T00:00:00Z,Male,481,Brazil,BR
2019-04-22T00:00:00Z,Female,482,Indonesia,ID
2019-10-11T00:00:00Z,Female,483,Russia,RU
2019-06-19T00:00:00Z,Female,484,Czech Republic,CZ
2019-09-19T00:00:00Z,Female,485,Philippines,PH
2019-11-12T00:00:00Z,Female,486,China,CN
2019-05-17T00:00:00Z,Female,487,Indonesia,ID
2019-11-15T00:00:00Z,Male,488,Peru,PE
2019-02-08T00:00:00Z,Female,489,China,CN
2019-11-24T00:00:00Z,Female,490,Brazil,BR
2019-08-28T00:00:00Z,Male,491,Czech Republic,CZ
2019-11-10T00:00:00Z,Male,492,Cuba,CU
2019-05-15T00:00:00Z,Male,493,China,CN
2019-05-19T00:00:00Z,Male,494,China,CN
2019-09-17T00:00:00Z,Female,495,Philippines,PH
2019-05-28T00:00:00Z,Female,496,Indonesia,ID
2019-01-22T00:00:00Z,Female,497,China,CN
2019-11-22T00:00:00Z,Female,498,Finland,FI
2019-05-10T00:00:00Z,Male,499,China,CN
2019-02-21T00:00:00Z,Male,500,Russia,RU
2019-05-23T00:00:00Z,Male,501,Albania,AL
2019-03-02T00:00:00Z,Male,502,China,CN
2019-01-18T00:00:00Z,Male,503,China,CN
2019-03-26T00:00:00Z,Male,504,Portugal,PT
2019-05-16T00:00:00Z,Female,505,Indonesia,ID
2019-09-20T00:00:00Z,Male,506,Brazil,BR
2019-07-03T00:00:00Z,Male,507,Brazil,BR
2019-04-01T00:00:00Z,Female,508,Uzbekistan,UZ
2019-06-04T00:00:00Z,Male,509,Syria,SY
2019-10-07T00:00:00Z,Female,510,Belarus,BY
2019-05-27T00:00:00Z,Female,511,China,CN
2019-04-17T00:00:00Z,Male,512,China,CN
2019-02-09T00:00:00Z,Male,513,United States,US
2019-01-29T00:00:00Z,Female,514,Indonesia,ID
2019-02-12T00:00:00Z,Male,515,China,CN
2019-01-31T00:00:00Z,Female,516,Egypt,EG
2019-01-28T00:00:00Z,Female,517,China,CN
2019-10-21T00:00:00Z,Male,518,Russia,RU
2019-08-10T00:00:00Z,Female,519,Colombia,CO
2019-10-06T00:00:00Z,Male,520,Germany,DE
2019-02-13T00:00:00Z,Female,521,China,CN
2019-11-05T00:00:00Z,Female,522,Egypt,EG
2019-10-28T00:00:00Z,Female,523,Mongolia,MN
2019-06-11T00:00:00Z,Female,524,Portugal,PT
2019-08-09T00:00:00Z,Female,525,China,CN
2019-03-28T00:00:00Z,Female,526,Azerbaijan,AZ
2019-11-13T00:00:00Z,Female,527,South Korea,KR
2019-09-21T00:00:00Z,Male,528,Poland,PL
2019-08-07T00:00:00Z,Female,529,Ecuador,EC
2019-09-25T00:00:00Z,Female,530,Poland,PL
2019-09-23T00:00:00Z,Male,531,Colombia,CO
2019-06-19T00:00:00Z,Female,532,China,CN
2019-08-14T00:00:00Z,Male,533,Ukraine,UA
2019-06-25T00:00:00Z,Female,534,China,CN
2019-02-19T00:00:00Z,Female,535,Brazil,BR
2019-11-06T00:00:00Z,Female,536,Indonesia,ID
2019-10-29T00:00:00Z,Female,537,Haiti,HT
2019-11-11T00:00:00Z,Female,538,Indonesia,ID
2019-05-30T00:00:00Z,Female,539,Russia,RU
2019-08-04T00:00:00Z,Female,540,Syria,SY
2019-05-10T00:00:00Z,Female,541,Dominican Republic,DO
2019-08-27T00:00:00Z,Male,542,Poland,PL
2019-04-30T00:00:00Z,Male,543,Russia,RU
2019-05-16T00:00:00Z,Male,544,China,CN
2019-07-12T00:00:00Z,Female,545,Ukraine,UA
2019-06-29T00:00:00Z,Female,546,Uruguay,UY
2019-01-14T00:00:00Z,Female,547,Nigeria,NG
2019-04-04T00:00:00Z,Male,548,China,CN
2019-09-15T00:00:00Z,Male,549,China,CN
2019-02-19T00:00:00Z,Female,550,China,CN
2019-03-14T00:00:00Z,Male,551,Brazil,BR
2019-10-31T00:00:00Z,Female,552,Indonesia,ID
2019-05-18T00:00:00Z,Male,553,Portugal,PT
2019-03-30T00:00:00Z,Male,554,Japan,JP
2019-05-05T00:00:00Z,Male,555,Zimbabwe,ZW
2019-11-09T00:00:00Z,Female,556,China,CN
2019-10-21T00:00:00Z,Female,557,United States,US
2019-06-09T00:00:00Z,Female,558,Comoros,KM
2019-09-29T00:00:00Z,Female,559,Indonesia,ID
2019-10-08T00:00:00Z,Male,560,Cape Verde,CV
2019-06-25T00:00:00Z,Male,561,Hungary,HU
2019-10-13T00:00:00Z,Female,562,Bangladesh,BD
2019-01-20T00:00:00Z,Female,563,Paraguay,PY
2019-11-07T00:00:00Z,Male,564,Ireland,IE
2019-10-19T00:00:00Z,Male,565,China,CN
2019-10-22T00:00:00Z,Male,566,China,CN
2019-09-22T00:00:00Z,Male,567,China,CN
2019-10-05T00:00:00Z,Female,568,Russia,RU
2019-05-09T00:00:00Z,Male,569,China,CN
2019-05-22T00:00:00Z,Female,570,China,CN
2019-04-18T00:00:00Z,Female,571,Czech Republic,CZ
2019-04-07T00:00:00Z,Female,572,Indonesia,ID
2019-08-10T00:00:00Z,Female,573,Iran,IR
2019-04-17T00:00:00Z,Female,574,Canada,CA
2019-02-21T00:00:00Z,Male,575,Canada,CA
2019-08-05T00:00:00Z,Male,576,China,CN
2019-11-20T00:00:00Z,Female,577,Brazil,BR
2019-09-22T00:00:00Z,Male,578,Indonesia,ID
2019-11-06T00:00:00Z,Male,579,Costa Rica,CR
2019-04-29T00:00:00Z,Male,580,Bolivia,BO
2019-01-20T00:00:00Z,Female,581,Indonesia,ID
2019-06-25T00:00:00Z,Male,582,Portugal,PT
2019-01-22T00:00:00Z,Male,583,Indonesia,ID
2019-04-20T00:00:00Z,Male,584,China,CN
2019-08-20T00:00:00Z,Male,585,China,CN
2019-11-16T00:00:00Z,Female,586,Japan,JP
2019-11-18T00:00:00Z,Female,587,Philippines,PH
2019-05-17T00:00:00Z,Male,588,Argentina,AR
2019-02-08T00:00:00Z,Female,589,Bangladesh,BD
2019-05-31T00:00:00Z,Male,590,China,CN
2019-10-03T00:00:00Z,Female,591,Indonesia,ID
2019-04-29T00:00:00Z,Female,592,Maldives,MV
2019-01-30T00:00:00Z,Female,593,France,FR
2019-04-08T00:00:00Z,Male,594,Canada,CA
2019-04-17T00:00:00Z,Female,595,Ireland,IE
2019-07-01T00:00:00Z,Male,596,Canada,CA
2019-04-22T00:00:00Z,Female,597,China,CN
2019-10-16T00:00:00Z,Male,598,Portugal,PT
2019-11-15T00:00:00Z,Female,599,Peru,PE
2019-03-16T00:00:00Z,Female,600,Indonesia,ID
2019-11-02T00:00:00Z,Male,601,Poland,PL
2019-01-19T00:00:00Z,Female,602,France,FR
2019-04-08T00:00:00Z,Male,603,Belarus,BY
2019-06-22T00:00:00Z,Male,604,North Korea,KP
2019-06-05T00:00:00Z,Male,605,Indonesia,ID
2019-06-09T00:00:00Z,Female,606,Puerto Rico,PR
2019-07-13T00:00:00Z,Female,607,Brazil,BR
2019-07-13T00:00:00Z,Female,608,China,CN
2019-09-08T00:00:00Z,Male,609,United States,US
2019-07-03T00:00:00Z,Female,610,Afghanistan,AF
2019-03-26T00:00:00Z,Male,611,China,CN
2019-10-16T00:00:00Z,Female,612,Russia,RU
2019-10-21T00:00:00Z,Male,613,China,CN
2019-05-23T00:00:00Z,Male,614,Brazil,BR
2019-04-16T00:00:00Z,Male,615,Philippines,PH
2019-08-28T00:00:00Z,Female,616,China,CN
2019-06-17T00:00:00Z,Female,617,China,CN
2019-04-25T00:00:00Z,Male,618,Colombia,CO
2019-08-11T00:00:00Z,Female,619,China,CN
2019-04-30T00:00:00Z,Female,620,Poland,PL
2019-01-30T00:00:00Z,Male,621,Peru,PE
2019-03-28T00:00:00Z,Male,622,Vietnam,VN
2019-03-08T00:00:00Z,Female,623,Canada,CA
2019-03-23T00:00:00Z,Female,624,Finland,FI
2019-09-05T00:00:00Z,Male,625,Peru,PE
2019-06-16T00:00:00Z,Female,626,Vietnam,VN
2019-02-05T00:00:00Z,Male,627,Mexico,MX
2019-03-03T00:00:00Z,Male,628,Portugal,PT
2019-07-04T00:00:00Z,Male,629,Poland,PL
2019-10-02T00:00:00Z,Male,630,Indonesia,ID
2019-02-25T00:00:00Z,Female,631,Bulgaria,BG
2019-06-21T00:00:00Z,Male,632,China,CN
2019-04-07T00:00:00Z,Male,633,Portugal,PT
2019-08-29T00:00:00Z,Female,634,Portugal,PT
2019-09-25T00:00:00Z,Female,635,Poland,PL
2019-08-23T00:00:00Z,Female,636,Belgium,BE
2019-10-08T00:00:00Z,Male,637,Swaziland,SZ
2019-03-31T00:00:00Z,Male,638,Indonesia,ID
2019-10-14T00:00:00Z,Female,639,China,CN
2019-01-22T00:00:00Z,Male,640,Sweden,SE
2019-05-08T00:00:00Z,Female,641,Sweden,SE
2019-09-23T00:00:00Z,Male,642,China,CN
2019-06-04T00:00:00Z,Female,643,Indonesia,ID
2019-05-28T00:00:00Z,Female,644,Comoros,KM
2019-08-03T00:00:00Z,Female,645,China,CN
2019-10-17T00:00:00Z,Female,646,Canada,CA
2019-11-04T00:00:00Z,Male,647,Poland,PL
2019-11-25T00:00:00Z,Female,648,South Korea,KR
2019-09-12T00:00:00Z,Male,649,Finland,FI
2019-09-25T00:00:00Z,Male,650,Portugal,PT
2019-07-09T00:00:00Z,Male,651,Sweden,SE
2019-04-13T00:00:00Z,Female,652,Philippines,PH
2019-09-04T00:00:00Z,Male,653,Indonesia,ID
2019-05-16T00:00:00Z,Female,654,Indonesia,ID
2019-09-10T00:00:00Z,Female,655,Indonesia,ID
2019-04-28T00:00:00Z,Female,656,Indonesia,ID
2019-02-18T00:00:00Z,Male,657,China,CN
2019-09-27T00:00:00Z,Female,658,Finland,FI
2019-02-05T00:00:00Z,Female,659,Japan,JP
2019-07-19T00:00:00Z,Male,660,China,CN
2019-03-02T00:00:00Z,Male,661,China,CN
2019-05-05T00:00:00Z,Male,662,Liberia,LR
2019-08-22T00:00:00Z,Male,663,Mongolia,MN
2019-05-22T00:00:00Z,Male,664,Myanmar,MM
2019-05-16T00:00:00Z,Male,665,Russia,RU
2019-03-24T00:00:00Z,Male,666,Panama,PA
2019-02-13T00:00:00Z,Female,667,Indonesia,ID
2019-05-29T00:00:00Z,Female,668,Malawi,MW
2019-05-08T00:00:00Z,Female,669,Tajikistan,TJ
2019-05-12T00:00:00Z,Male,670,Indonesia,ID
2019-07-10T00:00:00Z,Female,671,Nigeria,NG
2019-08-21T00:00:00Z,Female,672,Thailand,TH
2019-04-06T00:00:00Z,Female,673,Argentina,AR
2019-05-22T00:00:00Z,Male,674,Poland,PL
2019-03-30T00:00:00Z,Male,675,Japan,JP
2019-02-26T00:00:00Z,Male,676,Indonesia,ID
2019-05-30T00:00:00Z,Male,677,Spain,ES
2019-08-11T00:00:00Z,Male,678,Ukraine,UA
2019-02-03T00:00:00Z,Male,679,Indonesia,ID
2019-08-20T00:00:00Z,Female,680,Indonesia,ID
2019-06-11T00:00:00Z,Male,681,China,CN
2019-10-20T00:00:00Z,Male,682,Kuwait,KW
2019-09-11T00:00:00Z,Female,683,Poland,PL
2019-02-01T00:00:00Z,Female,684,Costa Rica,CR
2019-09-24T00:00:00Z,Male,685,Tunisia,TN
2019-11-11T00:00:00Z,Female,686,Tanzania,TZ
2019-09-19T00:00:00Z,Female,687,China,CN
2019-05-13T00:00:00Z,Male,688,France,FR
2019-09-13T00:00:00Z,Female,689,Indonesia,ID
2019-11-26T00:00:00Z,Male,690,China,CN
2019-08-08T00:00:00Z,Male,691,Norway,NO
2019-07-01T00:00:00Z,Male,692,Azerbaijan,AZ
2019-04-29T00:00:00Z,Female,693,Papua New Guinea,PG
2019-03-26T00:00:00Z,Female,694,Portugal,PT
2019-04-23T00:00:00Z,Male,695,Kazakhstan,KZ
2019-07-24T00:00:00Z,Male,696,Kazakhstan,KZ
2019-07-08T00:00:00Z,Female,697,Brazil,BR
2019-05-14T00:00:00Z,Male,698,Indonesia,ID
2019-11-25T00:00:00Z,Male,699,Central African Republic,CF
2019-09-16T00:00:00Z,Male,700,China,CN
2019-06-18T00:00:00Z,Female,701,China,CN
2019-08-12T00:00:00Z,Male,702,Indonesia,ID
2019-05-06T00:00:00Z,Female,703,Brazil,BR
2019-04-18T00:00:00Z,Female,704,Russia,RU
2019-06-26T00:00:00Z,Female,705,Indonesia,ID
2019-04-26T00:00:00Z,Female,706,Canada,CA
2019-07-26T00:00:00Z,Female,707,Mexico,MX
2019-10-11T00:00:00Z,Male,708,Indonesia,ID
2019-04-06T00:00:00Z,Female,709,Malta,MT
2019-04-10T00:00:00Z,Male,710,Pakistan,PK
2019-06-22T00:00:00Z,Male,711,South Korea,KR
2019-06-29T00:00:00Z,Female,712,Sweden,SE
2019-09-28T00:00:00Z,Female,713,Brazil,BR
2019-09-30T00:00:00Z,Male,714,Luxembourg,LU
2019-02-14T00:00:00Z,Female,715,Brazil,BR
2019-02-25T00:00:00Z,Male,716,Mexico,MX
2019-03-11T00:00:00Z,Female,717,Madagascar,MG
2019-08-13T00:00:00Z,Male,718,Indonesia,ID
2019-02-05T00:00:00Z,Female,719,Poland,PL
2019-07-16T00:00:00Z,Female,720,Madagascar,MG
2019-07-19T00:00:00Z,Female,721,China,CN
2019-05-17T00:00:00Z,Male,722,China,CN
2019-04-01T00:00:00Z,Male,723,Peru,PE
2019-09-17T00:00:00Z,Female,724,Thailand,TH
2019-01-31T00:00:00Z,Female,725,Portugal,PT
2019-02-21T00:00:00Z,Male,726,United States,US
2019-08-08T00:00:00Z,Male,727,Indonesia,ID
2019-06-03T00:00:00Z,Female,728,Slovenia,SI
2019-06-06T00:00:00Z,Female,729,Russia,RU
2019-09-01T00:00:00Z,Male,730,Poland,PL
2019-05-25T00:00:00Z,Female,731,Portugal,PT
2019-01-20T00:00:00Z,Female,732,Brazil,BR
2019-05-23T00:00:00Z,Male,733,China,CN
2019-02-04T00:00:00Z,Male,734,Haiti,HT
2019-09-13T00:00:00Z,Female,735,Ethiopia,ET
2019-06-04T00:00:00Z,Female,736,Kyrgyzstan,KG
2019-10-31T00:00:00Z,Male,737,Indonesia,ID
2019-05-26T00:00:00Z,Female,738,China,CN
2019-02-01T00:00:00Z,Female,739,Portugal,PT
2019-07-07T00:00:00Z,Female,740,China,CN
2019-09-06T00:00:00Z,Female,741,China,CN
2019-05-27T00:00:00Z,Male,742,Sweden,SE
2019-08-29T00:00:00Z,Female,743,Philippines,PH
2019-03-09T00:00:00Z,Female,744,Armenia,AM
2019-11-23T00:00:00Z,Female,745,Brazil,BR
2019-07-26T00:00:00Z,Female,746,Brazil,BR
2019-08-01T00:00:00Z,Male,747,Peru,PE
2019-10-11T00:00:00Z,Female,748,Estonia,EE
2019-02-09T00:00:00Z,Male,749,Guinea,GN
2019-07-02T00:00:00Z,Male,750,Vietnam,VN
2019-05-03T00:00:00Z,Female,751,Austria,AT
2019-02-10T00:00:00Z,Female,752,Malaysia,MY
2019-10-10T00:00:00Z,Male,753,China,CN
2019-05-17T00:00:00Z,Male,754,Panama,PA
2019-03-30T00:00:00Z,Male,755,New Caledonia,NC
2019-05-07T00:00:00Z,Female,756,Russia,RU
2019-03-13T00:00:00Z,Male,757,Poland,PL
2019-02-10T00:00:00Z,Male,758,Philippines,PH
2019-06-21T00:00:00Z,Male,759,Democratic Republic of the Congo,CD
2019-08-07T00:00:00Z,Male,760,Philippines,PH
2019-08-31T00:00:00Z,Female,761,China,CN
2019-02-25T00:00:00Z,Male,762,Thailand,TH
2019-01-26T00:00:00Z,Male,763,Tunisia,TN
2019-02-23T00:00:00Z,Female,764,China,CN
2019-09-25T00:00:00Z,Male,765,Ethiopia,ET
2019-04-17T00:00:00Z,Female,766,Sweden,SE
2019-11-09T00:00:00Z,Female,767,China,CN
2019-03-30T00:00:00Z,Female,768,Argentina,AR
2019-06-26T00:00:00Z,Female,769,Argentina,AR
2019-06-25T00:00:00Z,Male,770,Sweden,SE
2019-07-09T00:00:00Z,Male,771,Philippines,PH
2019-10-29T00:00:00Z,Female,772,China,CN
2019-02-21T00:00:00Z,Male,773,Czech Republic,CZ
2019-10-12T00:00:00Z,Female,774,China,CN
2019-09-29T00:00:00Z,Male,775,Norway,NO
2019-02-24T00:00:00Z,Female,776,Brazil,BR
2019-06-23T00:00:00Z,Male,777,Kenya,KE
2019-07-10T00:00:00Z,Female,778,Albania,AL
2019-10-10T00:00:00Z,Female,779,Monaco,MC
2019-01-24T00:00:00Z,Female,780,Brazil,BR
2019-06-22T00:00:00Z,Male,781,United States,US
2019-11-11T00:00:00Z,Male,782,Australia,AU
2019-08-08T00:00:00Z,Male,783,Philippines,PH
2019-05-17T00:00:00Z,Male,784,Luxembourg,LU
2019-02-14T00:00:00Z,Female,785,Peru,PE
2019-07-20T00:00:00Z,Male,786,South Korea,KR
2019-02-26T00:00:00Z,Female,787,Vietnam,VN
2019-08-28T00:00:00Z,Male,788,Sweden,SE
2019-02-04T00:00:00Z,Male,789,Sweden,SE
2019-09-29T00:00:00Z,Female,790,Poland,PL
2019-01-17T00:00:00Z,Female,791,Bhutan,BT
2019-10-12T00:00:00Z,Male,792,Mongolia,MN
2019-11-25T00:00:00Z,Female,793,Russia,RU
2019-08-19T00:00:00Z,Female,794,Russia,RU
2019-10-14T00:00:00Z,Female,795,France,FR
2019-02-19T00:00:00Z,Female,796,Serbia,RS
2019-05-21T00:00:00Z,Male,797,Japan,JP
2019-07-26T00:00:00Z,Female,798,China,CN
2019-11-05T00:00:00Z,Male,799,Indonesia,ID
2019-06-03T00:00:00Z,Male,800,Estonia,EE
2019-09-09T00:00:00Z,Female,801,China,CN
2019-10-08T00:00:00Z,Female,802,China,CN
2019-01-28T00:00:00Z,Female,803,South Korea,KR
2019-08-14T00:00:00Z,Male,804,Russia,RU
2019-06-06T00:00:00Z,Female,805,Cameroon,CM
2019-11-10T00:00:00Z,Male,806,Malaysia,MY
2019-02-14T00:00:00Z,Male,807,Indonesia,ID
2019-07-03T00:00:00Z,Male,808,China,CN
2019-04-20T00:00:00Z,Male,809,Portugal,PT
2019-04-30T00:00:00Z,Male,810,North Korea,KP
2019-09-25T00:00:00Z,Male,811,China,CN
2019-08-31T00:00:00Z,Female,812,China,CN
2019-04-04T00:00:00Z,Female,813,China,CN
2019-03-03T00:00:00Z,Male,814,Indonesia,ID
2019-10-25T00:00:00Z,Male,815,China,CN
2019-11-16T00:00:00Z,Female,816,China,CN
2019-06-12T00:00:00Z,Male,817,United States,US
2019-07-20T00:00:00Z,Female,818,China,CN
2019-02-04T00:00:00Z,Female,819,Sweden,SE
2019-01-20T00:00:00Z,Male,820,China,CN
2019-03-30T00:00:00Z,Female,821,Canada,CA
2019-07-04T00:00:00Z,Female,822,Madagascar,MG
2019-08-31T00:00:00Z,Female,823,Colombia,CO
2019-10-24T00:00:00Z,Female,824,Belarus,BY
2019-04-18T00:00:00Z,Female,825,Vietnam,VN
2019-05-14T00:00:00Z,Female,826,Ukraine,UA
2019-10-30T00:00:00Z,Male,827,China,CN
2019-04-07T00:00:00Z,Male,828,Indonesia,ID
2019-07-16T00:00:00Z,Female,829,Vanuatu,VU
2019-01-26T00:00:00Z,Female,830,Lithuania,LT
2019-04-15T00:00:00Z,Female,831,Russia,RU
2019-06-20T00:00:00Z,Male,832,Portugal,PT
2019-04-15T00:00:00Z,Male,833,Russia,RU
2019-09-28T00:00:00Z,Male,834,Russia,RU
2019-05-20T00:00:00Z,Female,835,Sweden,SE
2019-02-26T00:00:00Z,Female,836,Russia,RU
2019-07-03T00:00:00Z,Male,837,Argentina,AR
2019-02-06T00:00:00Z,Female,838,China,CN
2019-06-05T00:00:00Z,Female,839,Indonesia,ID
2019-01-26T00:00:00Z,Male,840,South Korea,KR
2019-02-28T00:00:00Z,Female,841,Brazil,BR
2019-04-14T00:00:00Z,Male,842,Greece,GR
2019-08-20T00:00:00Z,Female,843,Pakistan,PK
2019-04-28T00:00:00Z,Male,844,Honduras,HN
2019-06-22T00:00:00Z,Male,845,Poland,PL
2019-04-20T00:00:00Z,Male,846,Pakistan,PK
2019-09-29T00:00:00Z,Female,847,China,CN
2019-06-25T00:00:00Z,Male,848,Philippines,PH
2019-07-07T00:00:00Z,Female,849,Jordan,JO
2019-02-02T00:00:00Z,Male,850,China,CN
2019-04-29T00:00:00Z,Male,851,China,CN
2019-05-21T00:00:00Z,Female,852,China,CN
2019-03-17T00:00:00Z,Male,853,Finland,FI
2019-02-04T00:00:00Z,Female,854,China,CN
2019-04-17T00:00:00Z,Male,855,Nigeria,NG
2019-06-08T00:00:00Z,Male,856,Papua New Guinea,PG
2019-01-21T00:00:00Z,Female,857,Colombia,CO
2019-11-24T00:00:00Z,Male,858,Ivory Coast,CI
2019-02-28T00:00:00Z,Female,859,Philippines,PH
2019-07-18T00:00:00Z,Male,860,Indonesia,ID
2019-11-08T00:00:00Z,Male,861,Czech Republic,CZ
2019-11-24T00:00:00Z,Female,862,Bangladesh,BD
2019-05-11T00:00:00Z,Female,863,Uruguay,UY
2019-09-29T00:00:00Z,Male,864,Guatemala,GT
2019-11-12T00:00:00Z,Male,865,China,CN
2019-09-27T00:00:00Z,Male,866,China,CN
2019-07-12T00:00:00Z,Female,867,Poland,PL
2019-06-14T00:00:00Z,Male,868,China,CN
2019-01-15T00:00:00Z,Male,869,Ukraine,UA
2019-09-15T00:00:00Z,Male,870,Slovenia,SI
2019-05-10T00:00:00Z,Female,871,Botswana,BW
2019-10-10T00:00:00Z,Male,872,France,FR
2019-05-15T00:00:00Z,Male,873,Indonesia,ID
2019-02-07T00:00:00Z,Female,874,Sweden,SE
2019-09-12T00:00:00Z,Female,875,China,CN
2019-09-14T00:00:00Z,Female,876,Mali,ML
2019-10-07T00:00:00Z,Female,877,Indonesia,ID
2019-11-10T00:00:00Z,Male,878,Portugal,PT
2019-11-14T00:00:00Z,Female,879,Indonesia,ID
2019-04-02T00:00:00Z,Female,880,Portugal,PT
2019-04-27T00:00:00Z,Female,881,Costa Rica,CR
2019-07-04T00:00:00Z,Female,882,Ukraine,UA
2019-05-18T00:00:00Z,Male,883,Japan,JP
2019-05-23T00:00:00Z,Male,884,Indonesia,ID
2019-10-24T00:00:00Z,Female,885,Colombia,CO
2019-09-24T00:00:00Z,Female,886,China,CN
2019-10-01T00:00:00Z,Male,887,China,CN
2019-07-16T00:00:00Z,Male,888,China,CN
2019-04-07T00:00:00Z,Male,889,Burundi,BI
2019-05-19T00:00:00Z,Male,890,Indonesia,ID
2019-01-13T00:00:00Z,Female,891,Croatia,HR
2019-08-27T00:00:00Z,Female,892,China,CN
2019-01-29T00:00:00Z,Female,893,Ivory Coast,CI
2019-06-10T00:00:00Z,Male,894,Indonesia,ID
2019-01-25T00:00:00Z,Female,895,China,CN
2019-11-14T00:00:00Z,Male,896,Nigeria,NG
2019-11-05T00:00:00Z,Male,897,Indonesia,ID
2019-01-25T00:00:00Z,Female,898,China,CN
2019-04-24T00:00:00Z,Female,899,Malaysia,MY
2019-04-27T00:00:00Z,Female,900,Macedonia,MK
2019-09-12T00:00:00Z,Female,901,Poland,PL
2019-02-21T00:00:00Z,Female,902,France,FR
2019-11-23T00:00:00Z,Female,903,Japan,JP
2019-03-31T00:00:00Z,Male,904,Slovenia,SI
2019-01-30T00:00:00Z,Male,905,Ireland,IE
2019-07-10T00:00:00Z,Male,906,China,CN
2019-05-04T00:00:00Z,Male,907,Sweden,SE
2019-07-07T00:00:00Z,Male,908,Syria,SY
2019-06-20T00:00:00Z,Female,909,China,CN
2019-10-12T00:00:00Z,Female,910,Philippines,PH
2019-11-19T00:00:00Z,Female,911,Botswana,BW
2019-03-07T00:00:00Z,Female,912,United States,US
2019-07-25T00:00:00Z,Male,913,Philippines,PH
2019-07-15T00:00:00Z,Male,914,Poland,PL
2019-11-17T00:00:00Z,Male,915,Ireland,IE
2019-03-12T00:00:00Z,Male,916,Dominica,DM
2019-03-18T00:00:00Z,Female,917,Indonesia,ID
2019-07-12T00:00:00Z,Male,918,China,CN
2019-09-27T00:00:00Z,Male,919,Brazil,BR
2019-07-08T00:00:00Z,Male,920,Canada,CA
2019-09-02T00:00:00Z,Male,921,Indonesia,ID
2019-04-06T00:00:00Z,Female,922,United States,US
2019-11-25T00:00:00Z,Male,923,Finland,FI
2019-09-05T00:00:00Z,Female,924,Democratic Republic of the Congo,CD
2019-08-03T00:00:00Z,Male,925,China,CN
2019-04-06T00:00:00Z,Female,926,Russia,RU
2019-11-21T00:00:00Z,Female,927,China,CN
2019-06-29T00:00:00Z,Male,928,Thailand,TH
2019-09-08T00:00:00Z,Female,929,France,FR
2019-08-29T00:00:00Z,Male,930,Madagascar,MG
2019-06-04T00:00:00Z,Male,931,Norway,NO
2019-09-06T00:00:00Z,Female,932,Iraq,IQ
2019-02-07T00:00:00Z,Male,933,Peru,PE
2019-05-19T00:00:00Z,Male,934,China,CN
2019-05-23T00:00:00Z,Male,935,Portugal,PT
2019-03-09T00:00:00Z,Male,936,Portugal,PT
2019-09-04T00:00:00Z,Male,937,Brazil,BR
2019-09-01T00:00:00Z,Male,938,Russia,RU
2019-10-04T00:00:00Z,Male,939,France,FR
2019-05-31T00:00:00Z,Male,940,Cameroon,CM
2019-04-26T00:00:00Z,Female,941,China,CN
2019-09-05T00:00:00Z,Female,942,South Korea,KR
2019-05-26T00:00:00Z,Female,943,China,CN
2019-11-15T00:00:00Z,Female,944,Brazil,BR
2019-08-29T00:00:00Z,Male,945,Pakistan,PK
2019-09-26T00:00:00Z,Male,946,Indonesia,ID
2019-05-08T00:00:00Z,Female,947,Mauritius,MU
2019-06-22T00:00:00Z,Female,948,United States,US
2019-07-18T00:00:00Z,Male,949,Vietnam,VN
2019-09-09T00:00:00Z,Female,950,Nigeria,NG
2019-03-10T00:00:00Z,Female,951,Peru,PE
2019-09-08T00:00:00Z,Male,952,South Africa,ZA
2019-01-29T00:00:00Z,Male,953,Venezuela,VE
2019-01-18T00:00:00Z,Male,954,Sweden,SE
2019-07-04T00:00:00Z,Male,955,Philippines,PH
2019-06-02T00:00:00Z,Male,956,Kyrgyzstan,KG
2019-10-05T00:00:00Z,Female,957,Mexico,MX
2019-08-21T00:00:00Z,Male,958,Greece,GR
2019-06-02T00:00:00Z,Female,959,Philippines,PH
2019-06-17T00:00:00Z,Female,960,Russia,RU
2019-09-14T00:00:00Z,Female,961,Indonesia,ID
2019-06-04T00:00:00Z,Male,962,Malaysia,MY
2019-08-24T00:00:00Z,Male,963,Paraguay,PY
2019-09-24T00:00:00Z,Male,964,Egypt,EG
2019-07-25T00:00:00Z,Female,965,United States,US
2019-05-06T00:00:00Z,Female,966,Azerbaijan,AZ
2019-10-26T00:00:00Z,Male,967,Sweden,SE
2019-11-04T00:00:00Z,Male,968,Indonesia,ID
2019-05-02T00:00:00Z,Female,969,Czech Republic,CZ
2019-03-09T00:00:00Z,Male,970,Peru,PE
2019-09-12T00:00:00Z,Male,971,Portugal,PT
2019-11-25T00:00:00Z,Female,972,Thailand,TH
2019-05-11T00:00:00Z,Male,973,Gambia,GM
2019-04-19T00:00:00Z,Female,974,Sweden,SE
2019-02-05T00:00:00Z,Male,975,Canada,CA
2019-07-15T00:00:00Z,Male,976,Portugal,PT
2019-10-21T00:00:00Z,Male,977,France,FR
2019-06-07T00:00:00Z,Female,978,Poland,PL
2019-11-16T00:00:00Z,Female,979,Czech Republic,CZ
2019-04-10T00:00:00Z,Male,980,China,CN
2019-02-19T00:00:00Z,Male,981,Saudi Arabia,SA
2019-03-25T00:00:00Z,Female,982,China,CN
2019-03-15T00:00:00Z,Male,983,Philippines,PH
2019-04-13T00:00:00Z,Female,984,Japan,JP
2019-06-07T00:00:00Z,Male,985,United States,US
2019-03-08T00:00:00Z,Male,986,Indonesia,ID
2019-08-29T00:00:00Z,Female,987,Peru,PE
2019-01-23T00:00:00Z,Male,988,Canada,CA
2019-04-06T00:00:00Z,Male,989,Russia,RU
2019-04-13T00:00:00Z,Male,990,Poland,PL
2019-07-15T00:00:00Z,Male,991,Russia,RU
2019-09-17T00:00:00Z,Male,992,Uruguay,UY
2019-10-01T00:00:00Z,Male,993,Finland,FI
2019-05-20T00:00:00Z,Female,994,Indonesia,ID
2019-04-19T00:00:00Z,Male,995,Kenya,KE
2019-11-09T00:00:00Z,Male,996,Russia,RU
2019-03-20T00:00:00Z,Male,997,China,CN
2019-04-21T00:00:00Z,Male,998,China,CN
2019-03-20T00:00:00Z,Female,999,Philippines,PH
2019-11-16T00:00:00Z,Female,1000,Sweden,SE
